timeOpen;timeClose;timeHigh;timeLow;name;open;high;low;close;volume;marketCap;circulatingSupply;timestamp
"2025-11-12T00:00:00.000Z";"2025-11-12T23:59:59.999Z";"2025-11-12T13:55:00.000Z";"2025-11-12T16:29:00.000Z";"2781";958.2320502609;976.9577450408;940.8616723582;953.0104871901;2405972144.12;131266235540.07;137737151.16;"2025-11-12T23:59:59.999Z"
"2025-11-11T00:00:00.000Z";"2025-11-11T23:59:59.999Z";"2025-11-11T01:25:00.000Z";"2025-11-11T22:10:00.000Z";"2781";991.9202773761;1005.972552227;956.8362730732;958.2657252371;2696896367.42;131984202523.72;137737203.1;"2025-11-11T23:59:59.999Z"
"2025-11-10T00:00:00.000Z";"2025-11-10T23:59:59.999Z";"2025-11-10T00:55:00.000Z";"2025-11-10T16:48:00.000Z";"2781";996.5888830712;1017.6828480683;977.1076706901;991.9196761302;2844075056.92;136624384725.06;137737263.61;"2025-11-10T23:59:59.999Z"
"2025-11-09T00:00:00.000Z";"2025-11-09T23:59:59.999Z";"2025-11-09T20:07:00.000Z";"2025-11-09T03:37:00.000Z";"2781";990.2310784569;1005.9384879492;977.644017248;996.5798223257;2642212273.7;137267479324.83;137737317.42;"2025-11-09T23:59:59.999Z"
"2025-11-08T00:00:00.000Z";"2025-11-08T23:59:59.999Z";"2025-11-08T03:29:00.000Z";"2025-11-08T01:02:00.000Z";"2781";990.5819087135;1005.8635909156;981.1117424259;990.2227063363;2913804231.85;136391823240.74;137737368.79;"2025-11-08T23:59:59.999Z"
"2025-11-07T00:00:00.000Z";"2025-11-07T23:59:59.999Z";"2025-11-07T22:13:00.000Z";"2025-11-07T14:41:00.000Z";"2781";949.2072415217;994.4128352089;927.1098464085;990.5523415922;3614944088.51;136440198386.04;137737422;"2025-11-07T23:59:59.999Z"
"2025-11-06T00:00:00.000Z";"2025-11-06T23:59:59.999Z";"2025-11-06T04:07:00.000Z";"2025-11-06T16:46:00.000Z";"2781";959.9534300303;964.3312629209;927.4452774626;949.1805091745;2798073439.02;130741430056.08;137737497.5;"2025-11-06T23:59:59.999Z"
"2025-11-05T00:00:00.000Z";"2025-11-05T23:59:59.999Z";"2025-11-05T18:53:00.000Z";"2025-11-05T01:46:00.000Z";"2781";937.8823474789;966.8039442493;903.8692365041;959.9510318126;3816276916.52;132221658486.86;137737575.96;"2025-11-05T23:59:59.999Z"
"2025-11-04T00:00:00.000Z";"2025-11-04T23:59:59.999Z";"2025-11-04T04:13:00.000Z";"2025-11-04T21:40:00.000Z";"2781";992.5518665947;1000.1986242062;886.3854619147;937.8932595645;5824529917.8;129181696947.07;137737635.53;"2025-11-04T23:59:59.999Z"
"2025-11-03T00:00:00.000Z";"2025-11-03T23:59:59.999Z";"2025-11-03T00:22:00.000Z";"2025-11-03T15:34:00.000Z";"2781";1084.336469725;1086.5944577309;975.7961557517;992.5354087389;4849653053.69;136711826024.48;137737714.9;"2025-11-03T23:59:59.999Z"
"2025-11-02T00:00:00.000Z";"2025-11-02T23:59:59.999Z";"2025-11-02T00:00:00.000Z";"2025-11-02T16:17:00.000Z";"2781";1094.6415177409;1094.6445631294;1073.6530199678;1084.3598384299;2049912243.52;149354130350.29;137737809.73;"2025-11-02T23:59:59.999Z"
"2025-11-01T00:00:00.000Z";"2025-11-01T23:59:59.999Z";"2025-11-01T20:41:00.000Z";"2025-11-01T02:38:00.000Z";"2781";1088.9443465493;1097.138131142;1082.4668627565;1094.6422803087;2138185588.59;150773596638.93;137737875.09;"2025-11-01T23:59:59.999Z"
"2025-10-31T00:00:00.000Z";"2025-10-31T23:59:59.999Z";"2025-10-31T09:01:00.000Z";"2025-10-31T17:04:00.000Z";"2781";1078.612534168;1104.2475153582;1073.4539377108;1088.9554193888;4399392720.23;149988942672.59;137737932.29;"2025-10-31T23:59:59.999Z"
"2025-10-30T00:00:00.000Z";"2025-10-30T23:59:59.999Z";"2025-10-30T10:31:00.000Z";"2025-10-30T20:11:00.000Z";"2781";1107.1620447514;1123.6968880517;1050.128277701;1078.6114134783;4153774666.41;148565953800.37;137738019.07;"2025-10-30T23:59:59.999Z"
"2025-10-29T00:00:00.000Z";"2025-10-29T23:59:59.999Z";"2025-10-29T07:02:00.000Z";"2025-10-29T18:43:00.000Z";"2781";1103.1491699853;1120.7299411768;1089.7681750832;1107.1633327241;4169218995.5;152498407441.36;137738109.94;"2025-10-29T23:59:59.999Z"
"2025-10-28T00:00:00.000Z";"2025-10-28T23:59:59.999Z";"2025-10-28T17:46:00.000Z";"2025-10-28T20:55:00.000Z";"2781";1139.7508939012;1148.5583003379;1088.8816266733;1103.144769523;4178047762.9;151945782108.42;137738201;"2025-10-28T23:59:59.999Z"
"2025-10-27T00:00:00.000Z";"2025-10-27T23:59:59.999Z";"2025-10-27T12:01:00.000Z";"2025-10-27T23:22:00.000Z";"2781";1137.5875966397;1180.0149295309;1134.2909629288;1139.7459381655;4501355091.65;156987343665.34;137738293.96;"2025-10-27T23:59:59.999Z"
"2025-10-26T00:00:00.000Z";"2025-10-26T23:59:59.999Z";"2025-10-26T23:11:00.000Z";"2025-10-26T00:12:00.000Z";"2781";1116.7420038501;1141.9557466233;1115.5335546885;1137.5869191289;2746697365.68;158329114700.76;139179712.55;"2025-10-26T23:59:59.999Z"
"2025-10-25T00:00:00.000Z";"2025-10-25T23:59:59.999Z";"2025-10-25T22:57:00.000Z";"2025-10-25T00:58:00.000Z";"2781";1109.1498446924;1120.0706894887;1102.4950593869;1116.7412088803;2230311135.95;155427914989.2;139179787.68;"2025-10-25T23:59:59.999Z"
"2025-10-24T00:00:00.000Z";"2025-10-24T23:59:59.999Z";"2025-10-24T04:59:00.000Z";"2025-10-24T16:13:00.000Z";"2781";1127.5726234963;1141.6394297584;1098.9310195498;1109.1486782093;3451758492.5;154371333690.39;139179872.25;"2025-10-24T23:59:59.999Z"
"2025-10-23T00:00:00.000Z";"2025-10-23T23:59:59.999Z";"2025-10-23T15:36:00.000Z";"2025-10-23T00:01:00.000Z";"2781";1072.0508977019;1150.9992997124;1071.9394473427;1127.5730458575;5661131703.39;156935566025.88;139180007.35;"2025-10-23T23:59:59.999Z"
"2025-10-22T00:00:00.000Z";"2025-10-22T23:59:59.999Z";"2025-10-22T14:02:00.000Z";"2025-10-22T21:32:00.000Z";"2781";1057.4404098971;1082.9290638013;1054.0701951453;1072.0479623198;3625757779.7;149208265481.47;139180206.65;"2025-10-22T23:59:59.999Z"
"2025-10-21T00:00:00.000Z";"2025-10-21T23:59:59.999Z";"2025-10-21T15:49:00.000Z";"2025-10-21T23:42:00.000Z";"2781";1101.1649681233;1114.313241819;1054.3049792675;1057.4404098971;4398689426.81;147174928743.44;139180352.26;"2025-10-21T23:59:59.999Z"
"2025-10-20T00:00:00.000Z";"2025-10-20T23:59:59.999Z";"2025-10-20T06:22:00.000Z";"2025-10-20T17:41:00.000Z";"2781";1109.6820970117;1142.7445011318;1090.0067920243;1101.061607114;4209252745.12;153246321183.53;139180514.69;"2025-10-20T23:59:59.999Z"
"2025-10-19T00:00:00.000Z";"2025-10-19T23:59:59.999Z";"2025-10-19T17:19:00.000Z";"2025-10-19T09:13:00.000Z";"2781";1093.1525215429;1132.3472816236;1069.3075532827;1109.680040937;3690436753.39;154446325058.38;139180694.61;"2025-10-19T23:59:59.999Z"
"2025-10-18T00:00:00.000Z";"2025-10-18T23:59:59.999Z";"2025-10-18T07:54:00.000Z";"2025-10-18T00:09:00.000Z";"2781";1071.9655781928;1129.1925449974;1071.4738426522;1093.1525215429;3767783164.95;152145860419.92;139180816.42;"2025-10-18T23:59:59.999Z"
"2025-10-17T00:00:00.000Z";"2025-10-17T23:59:59.999Z";"2025-10-17T01:12:00.000Z";"2025-10-17T08:17:00.000Z";"2781";1145.818048798;1154.8911753885;1024.0832364717;1071.9629939918;6656427567.9;149197177120.68;139180940.28;"2025-10-17T23:59:59.999Z"
"2025-10-16T00:00:00.000Z";"2025-10-16T23:59:59.999Z";"2025-10-16T03:04:00.000Z";"2025-10-16T16:05:00.000Z";"2781";1162.6937297519;1193.7739803616;1125.3332444584;1145.8253651744;5605348340.36;159476216546.14;139181100.1;"2025-10-16T23:59:59.999Z"
"2025-10-15T00:00:00.000Z";"2025-10-15T23:59:59.999Z";"2025-10-15T02:31:00.000Z";"2025-10-15T21:20:00.000Z";"2781";1211.0511349335;1221.7075491257;1151.8351927941;1162.6917828493;5853929584.61;161825183254.05;139181264.26;"2025-10-15T23:59:59.999Z"
"2025-10-14T00:00:00.000Z";"2025-10-14T23:59:59.999Z";"2025-10-14T00:38:00.000Z";"2025-10-14T12:52:00.000Z";"2781";1293.4732448801;1316.4070754932;1147.7499804177;1211.0511349335;10106588254.97;168555891507.73;139181481.81;"2025-10-14T23:59:59.999Z"
"2025-10-13T00:00:00.000Z";"2025-10-13T23:59:59.999Z";"2025-10-13T08:44:00.000Z";"2025-10-13T14:58:00.000Z";"2781";1303.1473985567;1370.546042415;1257.1101844916;1293.4732448801;11820387270.54;180027847501.11;139181732.76;"2025-10-13T23:59:59.999Z"
"2025-10-12T00:00:00.000Z";"2025-10-12T23:59:59.999Z";"2025-10-12T20:52:00.000Z";"2025-10-12T01:34:00.000Z";"2781";1137.1993063774;1319.7719324518;1110.1973725037;1303.1172718434;10201040571.71;181374716231.77;139182042.21;"2025-10-12T23:59:59.999Z"
"2025-10-11T00:00:00.000Z";"2025-10-11T23:59:59.999Z";"2025-10-11T17:34:00.000Z";"2025-10-11T01:55:00.000Z";"2781";1106.8986036439;1180.5259151247;1080.7184031363;1137.1993063774;8101403819.74;158278016134.47;139182300.98;"2025-10-11T23:59:59.999Z"
"2025-10-10T00:00:00.000Z";"2025-10-10T23:59:59.999Z";"2025-10-10T06:17:00.000Z";"2025-10-10T21:22:00.000Z";"2781";1255.8875679279;1276.3581973703;962.4681486546;1106.8986036439;10329526517.82;154060936652.23;139182519.65;"2025-10-10T23:59:59.999Z"
"2025-10-09T00:00:00.000Z";"2025-10-09T23:59:59.999Z";"2025-10-09T07:23:00.000Z";"2025-10-09T16:37:00.000Z";"2781";1306.597432388;1318.057396103;1228.0820548152;1255.8906081912;8172167891.39;174798133156.52;139182947.28;"2025-10-09T23:59:59.999Z"
"2025-10-08T00:00:00.000Z";"2025-10-08T23:59:59.999Z";"2025-10-08T00:44:00.000Z";"2025-10-08T04:12:00.000Z";"2781";1310.2276331434;1332.8315795624;1270.3103401816;1306.5993454315;7916662086.81;181856754001.68;139183461.94;"2025-10-08T23:59:59.999Z"
"2025-10-07T00:00:00.000Z";"2025-10-07T23:59:59.999Z";"2025-10-07T12:16:00.000Z";"2025-10-07T01:26:00.000Z";"2781";1223.5800576204;1336.5655923154;1209.2815336424;1310.2144142026;11163171146.54;182362849957.31;139184096.98;"2025-10-07T23:59:59.999Z"
"2025-10-06T00:00:00.000Z";"2025-10-06T23:59:59.999Z";"2025-10-06T12:37:00.000Z";"2025-10-06T00:11:00.000Z";"2781";1165.5275578696;1237.8118482592;1164.016800849;1223.581040663;5653272929.87;170303427154.94;139184539.74;"2025-10-06T23:59:59.999Z"
"2025-10-05T00:00:00.000Z";"2025-10-05T23:59:59.999Z";"2025-10-05T05:07:00.000Z";"2025-10-05T01:28:00.000Z";"2781";1150.5453115642;1186.8544179104;1145.5288668835;1165.5275578696;3611451465.11;162223663310.34;139184751.33;"2025-10-05T23:59:59.999Z"
"2025-10-04T00:00:00.000Z";"2025-10-04T23:59:59.999Z";"2025-10-04T00:01:00.000Z";"2025-10-04T16:28:00.000Z";"2781";1189.9288601756;1190.0084300118;1138.2661671437;1150.5476327519;3775482130.88;160138528808.51;139184895.37;"2025-10-04T23:59:59.999Z"
"2025-10-03T00:00:00.000Z";"2025-10-03T23:59:59.999Z";"2025-10-03T22:55:00.000Z";"2025-10-03T08:19:00.000Z";"2781";1090.6556546922;1190.3542940486;1085.5954584418;1189.919036928;6097241167.05;165620307090.84;139185049.32;"2025-10-03T23:59:59.999Z"
"2025-10-02T00:00:00.000Z";"2025-10-02T23:59:59.999Z";"2025-10-02T23:07:00.000Z";"2025-10-02T00:55:00.000Z";"2781";1026.1667150476;1097.2117570161;1023.982704372;1090.6556546922;3813163058.86;151803187804.07;139185257.19;"2025-10-02T23:59:59.999Z"
"2025-10-01T00:00:00.000Z";"2025-10-01T23:59:59.999Z";"2025-10-01T09:57:00.000Z";"2025-10-01T03:49:00.000Z";"2781";1008.483442156;1034.829746743;1003.8837166852;1026.1667461797;3100184262.35;142827377671.37;139185354.17;"2025-10-01T23:59:59.999Z"
"2025-09-30T00:00:00.000Z";"2025-09-30T23:59:59.999Z";"2025-09-30T00:16:00.000Z";"2025-09-30T15:28:00.000Z";"2781";1030.7412128512;1032.7960349034;994.4840388472;1008.483442156;3076619211.37;140366207907.89;139185436.31;"2025-09-30T23:59:59.999Z"
"2025-09-29T00:00:00.000Z";"2025-09-29T23:59:59.999Z";"2025-09-29T22:58:00.000Z";"2025-09-29T00:40:00.000Z";"2781";993.3158241581;1035.7254300555;992.6415634786;1030.7412128512;3359320683.53;143464242326.7;139185510.91;"2025-09-29T23:59:59.999Z"
"2025-09-28T00:00:00.000Z";"2025-09-28T23:59:59.999Z";"2025-09-28T23:47:00.000Z";"2025-09-28T09:22:00.000Z";"2781";968.7895458177;993.3856813295;964.2875521195;993.3155769412;2519459113.18;138255288615.49;139185629.84;"2025-09-28T23:59:59.999Z"
"2025-09-27T00:00:00.000Z";"2025-09-27T23:59:59.999Z";"2025-09-27T14:43:00.000Z";"2025-09-27T01:43:00.000Z";"2781";960.9239801641;983.926909329;957.402071821;968.7895458177;2777184185.04;134841639791.24;139185688.34;"2025-09-27T23:59:59.999Z"
"2025-09-26T00:00:00.000Z";"2025-09-26T23:59:59.999Z";"2025-09-26T18:06:00.000Z";"2025-09-26T12:16:00.000Z";"2781";945.7136164172;964.7284079915;933.5052320403;960.9239801641;3789703569.78;133746954718.43;139185781.06;"2025-09-26T23:59:59.999Z"
"2025-09-25T00:00:00.000Z";"2025-09-25T23:59:59.999Z";"2025-09-25T00:15:00.000Z";"2025-09-25T23:40:00.000Z";"2781";1018.8718580951;1019.8428120246;943.3248450159;945.7136164172;4693762081.49;131630004096.54;139185903.44;"2025-09-25T23:59:59.999Z"
"2025-09-24T00:00:00.000Z";"2025-09-24T23:59:59.999Z";"2025-09-24T09:52:00.000Z";"2025-09-24T04:13:00.000Z";"2781";1017.0292817937;1034.0547495778;995.2928866081;1018.8478679806;3603925585.1;141812721864.69;139186022.99;"2025-09-24T23:59:59.999Z"
"2025-09-23T00:00:00.000Z";"2025-09-23T23:59:59.999Z";"2025-09-23T16:56:00.000Z";"2025-09-23T03:13:00.000Z";"2781";993.0140178406;1026.2455556886;964.5532343505;1017.019892652;4038510424.58;141556407042.65;139186166.59;"2025-09-23T23:59:59.999Z"
"2025-09-22T00:00:00.000Z";"2025-09-22T23:59:59.999Z";"2025-09-22T00:13:00.000Z";"2025-09-22T19:58:00.000Z";"2781";1048.6711699813;1050.318339625;978.5732823301;993.0140178406;4892903256.41;138213932612.53;139186285.52;"2025-09-22T23:59:59.999Z"
"2025-09-21T00:00:00.000Z";"2025-09-21T23:59:59.999Z";"2025-09-21T02:08:00.000Z";"2025-09-21T00:32:00.000Z";"2781";1042.6627134115;1080.4776630205;1041.0262790682;1048.6723626418;4306431415;145960791978.72;139186425.79;"2025-09-21T23:59:59.999Z"
"2025-09-20T00:00:00.000Z";"2025-09-20T23:59:59.999Z";"2025-09-20T23:40:00.000Z";"2025-09-20T00:00:00.000Z";"2781";984.134506113;1043.2438534327;984.119728235;1042.6501626485;3759046572.13;145124634151.29;139186557.92;"2025-09-20T23:59:59.999Z"
"2025-09-19T00:00:00.000Z";"2025-09-19T23:59:59.999Z";"2025-09-19T09:10:00.000Z";"2025-09-19T15:16:00.000Z";"2781";981.8351900703;1002.0829145903;975.8117577538;984.1241125482;3293771895.09;136978391816.28;139186656.87;"2025-09-19T23:59:59.999Z"
"2025-09-18T00:00:00.000Z";"2025-09-18T23:59:59.999Z";"2025-09-18T08:19:00.000Z";"2025-09-18T23:10:00.000Z";"2781";990.3190058067;1005.2922219596;980.3798308551;981.8351900703;3741252935.16;136658440236.27;139186740.93;"2025-09-18T23:59:59.999Z"
"2025-09-17T00:00:00.000Z";"2025-09-17T23:59:59.999Z";"2025-09-17T23:08:00.000Z";"2025-09-17T16:29:00.000Z";"2781";955.6878785422;993.129014695;947.7709853641;990.3097291718;3641636247.61;137839347044.02;139186813.78;"2025-09-17T23:59:59.999Z"
"2025-09-16T00:00:00.000Z";"2025-09-16T23:59:59.999Z";"2025-09-16T20:10:00.000Z";"2025-09-16T00:31:00.000Z";"2781";919.9702188404;958.6553819792;917.2383151509;955.7125766104;3101245054.63;133019224743.15;139186891.17;"2025-09-16T23:59:59.999Z"
"2025-09-15T00:00:00.000Z";"2025-09-15T23:59:59.999Z";"2025-09-15T05:23:00.000Z";"2025-09-15T09:01:00.000Z";"2781";927.2432173139;935.2177262091;911.5524338697;919.9701982424;2475846476.72;128047871390.5;139186974.5;"2025-09-15T23:59:59.999Z"
"2025-09-14T00:00:00.000Z";"2025-09-14T23:59:59.999Z";"2025-09-14T06:04:00.000Z";"2025-09-14T14:55:00.000Z";"2781";933.8996502362;944.0581477052;923.7640131891;927.2416878289;2338327311.42;129060234039.79;139187034.89;"2025-09-14T23:59:59.999Z"
"2025-09-13T00:00:00.000Z";"2025-09-13T23:59:59.999Z";"2025-09-13T15:22:00.000Z";"2025-09-13T17:16:00.000Z";"2781";925.0306912264;942.5284252163;923.8671713586;933.8996502362;2744192106.04;129986772940.69;139187088.15;"2025-09-13T23:59:59.999Z"
"2025-09-12T00:00:00.000Z";"2025-09-12T23:59:59.999Z";"2025-09-12T22:23:00.000Z";"2025-09-12T00:16:00.000Z";"2781";902.9833589292;928.6170070445;901.9741202094;925.0306912264;2648100391.2;128752379071.37;139187142.97;"2025-09-12T23:59:59.999Z"
"2025-09-11T00:00:00.000Z";"2025-09-11T23:59:59.999Z";"2025-09-11T23:17:00.000Z";"2025-09-11T00:43:00.000Z";"2781";893.5666147462;903.3329231582;889.370731362;902.9833589292;2250551805.58;125683739327.06;139187215.45;"2025-09-11T23:59:59.999Z"
"2025-09-10T00:00:00.000Z";"2025-09-10T23:59:59.999Z";"2025-09-10T13:52:00.000Z";"2025-09-10T01:04:00.000Z";"2781";880.0149914617;906.1226452425;877.5119986306;893.5666147462;2868650920.03;124373117417.5;139187292.1;"2025-09-10T23:59:59.999Z"
"2025-09-09T00:00:00.000Z";"2025-09-09T23:59:59.999Z";"2025-09-09T08:37:00.000Z";"2025-09-09T15:47:00.000Z";"2781";878.275969454;884.2358823372;871.8602404902;880.0149914617;1795168602.86;122486956936.27;139187352.63;"2025-09-09T23:59:59.999Z"
"2025-09-08T00:00:00.000Z";"2025-09-08T23:59:59.999Z";"2025-09-08T00:46:00.000Z";"2025-09-08T08:40:00.000Z";"2781";880.6130123762;885.2317988837;872.0386404579;878.275969454;2289021738.3;122244953808.7;139187405.85;"2025-09-08T23:59:59.999Z"
"2025-09-07T00:00:00.000Z";"2025-09-07T23:59:59.999Z";"2025-09-07T23:31:00.000Z";"2025-09-07T00:38:00.000Z";"2781";861.7720931047;882.885792113;861.274522084;880.6130123762;1996378715.92;122570304462.76;139187478.2;"2025-09-07T23:59:59.999Z"
"2025-09-06T00:00:00.000Z";"2025-09-06T23:59:59.999Z";"2025-09-06T12:13:00.000Z";"2025-09-06T00:13:00.000Z";"2781";849.9792539999;864.499139246;849.5745910067;861.7720931047;1992250771.12;119947924253.49;139187524.42;"2025-09-06T23:59:59.999Z"
"2025-09-05T00:00:00.000Z";"2025-09-05T23:59:59.999Z";"2025-09-05T13:37:00.000Z";"2025-09-05T00:01:00.000Z";"2781";843.802978995;857.2246316724;843.746512416;849.9792539999;2025139739.15;118306539800.34;139187561.63;"2025-09-05T23:59:59.999Z"
"2025-09-04T00:00:00.000Z";"2025-09-04T23:59:59.999Z";"2025-09-04T00:58:00.000Z";"2025-09-04T19:04:00.000Z";"2781";855.2588760273;856.9368285745;841.8808107011;843.802978995;1915009279.65;117446915940.7;139187605.24;"2025-09-04T23:59:59.999Z"
"2025-09-03T00:00:00.000Z";"2025-09-03T23:59:59.999Z";"2025-09-03T14:52:00.000Z";"2025-09-03T01:49:00.000Z";"2781";851.7772024946;863.4725109174;849.1579676395;855.2587825228;1915348779.83;119041475978.11;139187653.37;"2025-09-03T23:59:59.999Z"
"2025-09-02T00:00:00.000Z";"2025-09-02T23:59:59.999Z";"2025-09-02T08:55:00.000Z";"2025-09-02T13:01:00.000Z";"2781";845.8263066502;856.4644024772;841.6126160732;851.7772024946;2385434735.74;118556906635.72;139187696.37;"2025-09-02T23:59:59.999Z"
"2025-09-01T00:00:00.000Z";"2025-09-01T23:59:59.999Z";"2025-09-01T08:04:00.000Z";"2025-09-01T21:46:00.000Z";"2781";857.812640994;866.9738850852;840.8975330092;845.8263066502;2756614903.04;117728662661.86;139187752.54;"2025-09-01T23:59:59.999Z"
"2025-08-31T00:00:00.000Z";"2025-08-31T23:59:59.999Z";"2025-08-31T21:50:00.000Z";"2025-08-31T10:49:00.000Z";"2781";862.4040071568;867.5966949388;857.3178268456;857.8167869677;1741117798.01;119397056044.93;139187802.02;"2025-08-31T23:59:59.999Z"
"2025-08-30T00:00:00.000Z";"2025-08-30T23:59:59.999Z";"2025-08-30T23:29:00.000Z";"2025-08-30T13:19:00.000Z";"2781";863.2821905286;863.644761597;852.8187304722;862.4040071568;2030968354.74;120036152533.08;139187841.82;"2025-08-30T23:59:59.999Z"
"2025-08-29T00:00:00.000Z";"2025-08-29T23:59:59.999Z";"2025-08-29T00:33:00.000Z";"2025-08-29T09:05:00.000Z";"2781";874.3545411659;876.8477242304;851.3141753907;863.2765309265;2614507747.54;120158416292.56;139187878.09;"2025-08-29T23:59:59.999Z"
"2025-08-28T00:00:00.000Z";"2025-08-28T23:59:59.999Z";"2025-08-28T13:46:00.000Z";"2025-08-28T00:43:00.000Z";"2781";855.6463028526;878.8086202692;851.898595762;874.3660058257;2744315946.93;121699596590.03;139187927.62;"2025-08-28T23:59:59.999Z"
"2025-08-27T00:00:00.000Z";"2025-08-27T23:59:59.999Z";"2025-08-27T18:10:00.000Z";"2025-08-27T08:50:00.000Z";"2781";863.6304692128;866.9847660252;853.8656540776;855.6463028526;2391188252.37;119180570929.42;139287192.07;"2025-08-27T23:59:59.999Z"
"2025-08-26T00:00:00.000Z";"2025-08-26T23:59:59.999Z";"2025-08-26T23:16:00.000Z";"2025-08-26T00:55:00.000Z";"2781";840.1709935264;867.712843258;832.7194465383;863.6304692128;2609863400.41;120292704540.19;139287240.12;"2025-08-26T23:59:59.999Z"
"2025-08-25T00:00:00.000Z";"2025-08-25T23:59:59.999Z";"2025-08-25T03:13:00.000Z";"2025-08-25T21:17:00.000Z";"2781";876.0801975277;879.9407289511;835.2559763714;840.1719133456;3300479072.44;117025140917.33;139287290.11;"2025-08-25T23:59:59.999Z"
"2025-08-24T00:00:00.000Z";"2025-08-24T23:59:59.999Z";"2025-08-24T00:55:00.000Z";"2025-08-24T12:56:00.000Z";"2781";880.05337008;885.5560204425;860.0352396731;876.0801975277;2909070733.53;122026880392.88;139287340.06;"2025-08-24T23:59:59.999Z"
"2025-08-23T00:00:00.000Z";"2025-08-23T23:59:59.999Z";"2025-08-23T00:01:00.000Z";"2025-08-23T02:40:00.000Z";"2781";898.7745184365;899.3594076226;876.5121720063;880.0461131611;2470653598.23;122580333247.72;139287385.76;"2025-08-23T23:59:59.999Z"
"2025-08-22T00:00:00.000Z";"2025-08-22T23:59:59.999Z";"2025-08-22T23:44:00.000Z";"2025-08-22T00:00:00.000Z";"2781";839.040814585;899.7001106137;839.040814585;898.7745184365;3534039226.36;125187991150.79;139287428.14;"2025-08-22T23:59:59.999Z"
"2025-08-21T00:00:00.000Z";"2025-08-21T23:59:59.999Z";"2025-08-21T02:02:00.000Z";"2025-08-21T20:38:00.000Z";"2781";869.1038915511;882.5895242088;834.0795749094;839.040814585;2848998238.72;116867878885.15;139287477.86;"2025-08-21T23:59:59.999Z"
"2025-08-20T00:00:00.000Z";"2025-08-20T23:59:59.999Z";"2025-08-20T21:16:00.000Z";"2025-08-20T01:43:00.000Z";"2781";823.5659413057;880.3314943789;819.3299027711;869.1038915511;3612563758.21;121055329613.55;139287524.53;"2025-08-20T23:59:59.999Z"
"2025-08-19T00:00:00.000Z";"2025-08-19T23:59:59.999Z";"2025-08-19T03:19:00.000Z";"2025-08-19T23:58:00.000Z";"2781";847.4178889735;851.9415808651;823.3567120705;823.5659413057;2718797058.86;114712499498.09;139287570.97;"2025-08-19T23:59:59.999Z"
"2025-08-18T00:00:00.000Z";"2025-08-18T23:59:59.999Z";"2025-08-18T01:09:00.000Z";"2025-08-18T06:49:00.000Z";"2781";856.4033417148;858.3074426443;826.5350166448;847.4178889735;2765082387.86;118034814358.48;139287612.28;"2025-08-18T23:59:59.999Z"
"2025-08-17T00:00:00.000Z";"2025-08-17T23:59:59.999Z";"2025-08-17T11:52:00.000Z";"2025-08-17T00:01:00.000Z";"2781";839.3968180104;863.3430800531;839.1815506171;856.4029605198;2286889646.14;119286411574.46;139287653.1;"2025-08-17T23:59:59.999Z"
"2025-08-16T00:00:00.000Z";"2025-08-16T23:59:59.999Z";"2025-08-16T23:58:00.000Z";"2025-08-16T12:28:00.000Z";"2781";827.2891910306;839.5164878769;826.6146591198;839.3980807239;1960223182.93;116917643530.6;139287689.71;"2025-08-16T23:59:59.999Z"
"2025-08-15T00:00:00.000Z";"2025-08-15T23:59:59.999Z";"2025-08-15T06:23:00.000Z";"2025-08-15T16:19:00.000Z";"2781";840.9309510302;853.4983248063;813.8512718267;827.2891910306;3843113557.21;115231228003.82;139287723.39;"2025-08-15T23:59:59.999Z"
"2025-08-14T00:00:00.000Z";"2025-08-14T23:59:59.999Z";"2025-08-14T10:37:00.000Z";"2025-08-14T21:43:00.000Z";"2781";849.0054822363;868.6798379048;826.0021931268;840.9309510302;4687490470.85;117131393991.76;139287766.55;"2025-08-14T23:59:59.999Z"
"2025-08-13T00:00:00.000Z";"2025-08-13T23:59:59.999Z";"2025-08-13T09:39:00.000Z";"2025-08-13T02:16:00.000Z";"2781";832.9265569703;857.7623972914;829.0764653171;849.0054822363;3364649534.28;118256123484.94;139287820.82;"2025-08-13T23:59:59.999Z"
"2025-08-12T00:00:00.000Z";"2025-08-12T23:59:59.999Z";"2025-08-12T20:35:00.000Z";"2025-08-12T11:16:00.000Z";"2781";806.7435644287;838.8615188258;798.6620460838;832.9265569703;2889217820.41;116016562605.15;139287865.94;"2025-08-12T23:59:59.999Z"
"2025-08-11T00:00:00.000Z";"2025-08-11T23:59:59.999Z";"2025-08-11T02:56:00.000Z";"2025-08-11T13:29:00.000Z";"2781";805.8734657196;826.5098442149;793.3786789066;806.7302158988;2805693912.15;112369633611.25;139287920.68;"2025-08-11T23:59:59.999Z"
"2025-08-10T00:00:00.000Z";"2025-08-10T23:59:59.999Z";"2025-08-10T05:01:00.000Z";"2025-08-10T08:11:00.000Z";"2781";799.0867592604;815.0725332815;796.2681842174;805.8734657196;2090904941.4;112248479874.47;139287970.94;"2025-08-10T23:59:59.999Z"
"2025-08-09T00:00:00.000Z";"2025-08-09T23:59:59.999Z";"2025-08-09T10:49:00.000Z";"2025-08-09T01:04:00.000Z";"2781";793.4395664435;818.5120648395;793.1973459442;799.0867592604;2215143663.53;111303204618.62;139288010.13;"2025-08-09T23:59:59.999Z"
"2025-08-08T00:00:00.000Z";"2025-08-08T23:59:59.999Z";"2025-08-08T22:22:00.000Z";"2025-08-08T02:22:00.000Z";"2781";788.1965133893;797.8942284895;781.4666432382;793.4395664435;2429517921.96;110516655842.49;139288057.36;"2025-08-08T23:59:59.999Z"
"2025-08-07T00:00:00.000Z";"2025-08-07T23:59:59.999Z";"2025-08-07T23:59:00.000Z";"2025-08-07T05:10:00.000Z";"2781";769.8478198193;788.1963764923;765.3430790257;788.1963764923;2162190917.38;109786396179.61;139288101.78;"2025-08-07T23:59:59.999Z"
"2025-08-06T00:00:00.000Z";"2025-08-06T23:59:59.999Z";"2025-08-06T18:17:00.000Z";"2025-08-06T03:28:00.000Z";"2781";754.8510118712;774.8028573378;747.7263984099;769.8478198193;1969112523.78;107230681183.16;139288153.35;"2025-08-06T23:59:59.999Z"
"2025-08-05T00:00:00.000Z";"2025-08-05T23:59:59.999Z";"2025-08-05T00:41:00.000Z";"2025-08-05T22:08:00.000Z";"2781";769.0582929574;769.1633897229;746.6951800006;754.8510118712;1951120761.93;105141837413.37;139288198.28;"2025-08-05T23:59:59.999Z"
"2025-08-04T00:00:00.000Z";"2025-08-04T23:59:59.999Z";"2025-08-04T17:19:00.000Z";"2025-08-04T00:11:00.000Z";"2781";751.5597960279;769.5585467656;750.8377155802;769.0590803874;1940596416.34;107120781543.76;139288247.1;"2025-08-04T23:59:59.999Z"
"2025-08-03T00:00:00.000Z";"2025-08-03T23:59:59.999Z";"2025-08-03T19:41:00.000Z";"2025-08-03T00:38:00.000Z";"2781";736.6464029325;755.1250563455;732.3884812733;751.5609910166;1761506433.45;104683476236.11;139288286.56;"2025-08-03T23:59:59.999Z"
"2025-08-02T00:00:00.000Z";"2025-08-02T23:59:59.999Z";"2025-08-02T05:01:00.000Z";"2025-08-02T23:31:00.000Z";"2781";757.2212419843;769.5610267857;732.5317179393;736.6464029325;2181365266.46;102606241776.97;139288322.55;"2025-08-02T23:59:59.999Z"
"2025-08-01T00:00:00.000Z";"2025-08-01T23:59:59.999Z";"2025-08-01T02:25:00.000Z";"2025-08-01T22:44:00.000Z";"2781";783.6646867436;794.8995587381;746.3453095481;757.1865793809;3061372565.11;105472102204.45;139288356.37;"2025-08-01T23:59:59.999Z"
"2025-07-31T00:00:00.000Z";"2025-07-31T23:59:59.999Z";"2025-07-31T10:02:00.000Z";"2025-07-31T23:49:00.000Z";"2781";793.1448192044;813.0089319738;782.8258914936;783.6668200532;2581137230.33;109155399906.34;139288399.43;"2025-07-31T23:59:59.999Z"
"2025-07-30T00:00:00.000Z";"2025-07-30T23:59:59.999Z";"2025-07-30T02:22:00.000Z";"2025-07-30T19:13:00.000Z";"2781";804.8989373149;810.4419544958;771.1812986949;793.1448192044;2836541070.84;110475909684.79;139288446.46;"2025-07-30T23:59:59.999Z"
"2025-07-29T00:00:00.000Z";"2025-07-29T23:59:59.999Z";"2025-07-29T01:33:00.000Z";"2025-07-29T20:17:00.000Z";"2781";822.0791849216;834.4614302677;800.6428379197;804.8989373149;3097306022.12;112113158659.76;139288491.34;"2025-07-29T23:59:59.999Z"
"2025-07-28T00:00:00.000Z";"2025-07-28T23:59:59.999Z";"2025-07-28T09:40:00.000Z";"2025-07-28T23:31:00.000Z";"2781";843.2619850359;859.5628692879;821.6816077282;822.0185307901;3448410232.68;114506207911.28;139288538.15;"2025-07-28T23:59:59.999Z"
"2025-07-27T00:00:00.000Z";"2025-07-27T23:59:59.999Z";"2025-07-27T22:10:00.000Z";"2025-07-27T00:13:00.000Z";"2781";793.2825968894;846.2210746604;792.6633056615;843.2619850359;2914460886.56;117456770619.46;139288587.3;"2025-07-27T23:59:59.999Z"
"2025-07-26T00:00:00.000Z";"2025-07-26T23:59:59.999Z";"2025-07-26T22:22:00.000Z";"2025-07-26T17:13:00.000Z";"2781";785.6064558224;797.1966898707;778.9398025914;793.2825968894;1760509145.25;110495244782.92;139288628.31;"2025-07-26T23:59:59.999Z"
"2025-07-25T00:00:00.000Z";"2025-07-25T23:59:59.999Z";"2025-07-25T23:58:00.000Z";"2025-07-25T04:22:00.000Z";"2781";771.2400177903;785.6441120003;753.6062065844;785.6064558224;2536046505.64;109426076513.03;139288667.63;"2025-07-25T23:59:59.999Z"
"2025-07-24T00:00:00.000Z";"2025-07-24T23:59:59.999Z";"2025-07-24T18:14:00.000Z";"2025-07-24T07:08:00.000Z";"2781";776.6745304898;785.4175501484;745.3941287642;771.2400177903;2833667773.01;107425027803.09;139288710.81;"2025-07-24T23:59:59.999Z"
"2025-07-23T00:00:00.000Z";"2025-07-23T23:59:59.999Z";"2025-07-23T12:06:00.000Z";"2025-07-23T21:28:00.000Z";"2781";786.14116829;809.3135728705;753.7788632606;776.6404494574;3987433985.32;108182035335.61;139288763.94;"2025-07-23T23:59:59.999Z"
"2025-07-22T00:00:00.000Z";"2025-07-22T23:59:59.999Z";"2025-07-22T23:37:00.000Z";"2025-07-22T05:01:00.000Z";"2781";766.7839254036;787.2482042299;746.1088454777;786.14116829;3009453882.65;109500679536.64;139288824.9;"2025-07-22T23:59:59.999Z"
"2025-07-21T00:00:00.000Z";"2025-07-21T23:59:59.999Z";"2025-07-21T14:49:00.000Z";"2025-07-21T00:40:00.000Z";"2781";757.7399121643;780.9654117246;747.5570645828;766.7839254036;2776231460.71;106804477437.97;139288884.26;"2025-07-21T23:59:59.999Z"
"2025-07-20T00:00:00.000Z";"2025-07-20T23:59:59.999Z";"2025-07-20T22:52:00.000Z";"2025-07-20T00:13:00.000Z";"2781";733.5290470752;760.4405051385;732.3448788133;757.7399121643;2353254456.07;105544792101.09;139288943.88;"2025-07-20T23:59:59.999Z"
"2025-07-19T00:00:00.000Z";"2025-07-19T23:59:59.999Z";"2025-07-19T13:07:00.000Z";"2025-07-19T01:08:00.000Z";"2781";730.2607805775;742.3317621357;721.0870538759;733.5290470752;2067691091.3;102172520308.16;139288990.28;"2025-07-19T23:59:59.999Z"
"2025-07-18T00:00:00.000Z";"2025-07-18T23:59:59.999Z";"2025-07-18T13:16:00.000Z";"2025-07-18T20:36:00.000Z";"2781";721.2119613983;763.0548377954;720.2356016758;730.2164004477;3407382998.83;101717320710.25;139289036.76;"2025-07-18T23:59:59.999Z"
"2025-07-17T00:00:00.000Z";"2025-07-17T23:59:59.999Z";"2025-07-17T14:31:00.000Z";"2025-07-17T05:18:00.000Z";"2781";708.126072343;726.6606493446;707.8897556269;721.2119613983;2877681452.56;100456965445.13;139289100.6;"2025-07-17T23:59:59.999Z"
"2025-07-16T00:00:00.000Z";"2025-07-16T23:59:59.999Z";"2025-07-16T21:31:00.000Z";"2025-07-16T04:17:00.000Z";"2781";689.9211490546;714.7908917895;685.676125572;708.126072343;2298649454.38;98634284480.73;139289158.15;"2025-07-16T23:59:59.999Z"
"2025-07-15T00:00:00.000Z";"2025-07-15T23:59:59.999Z";"2025-07-15T23:20:00.000Z";"2025-07-15T03:38:00.000Z";"2781";689.4167241122;692.94317101;675.8766999734;689.9211490546;2167202398.65;96098573311.24;139289212.17;"2025-07-15T23:59:59.999Z"
"2025-07-14T00:00:00.000Z";"2025-07-14T23:59:59.999Z";"2025-07-14T07:45:00.000Z";"2025-07-14T20:19:00.000Z";"2781";692.2304085423;706.7133422935;686.8288816036;689.4167241122;2362276525.56;96028353950.92;139289272.5;"2025-07-14T23:59:59.999Z"
"2025-07-13T00:00:00.000Z";"2025-07-13T23:59:59.999Z";"2025-07-13T14:30:00.000Z";"2025-07-13T00:12:00.000Z";"2781";685.7779149141;694.0123112576;685.4672270218;692.2304085423;1631603868.92;96420304855.12;139289322.84;"2025-07-13T23:59:59.999Z"
"2025-07-12T00:00:00.000Z";"2025-07-12T23:59:59.999Z";"2025-07-12T04:14:00.000Z";"2025-07-12T15:55:00.000Z";"2781";689.8733405031;696.9548827867;680.401612315;685.7779149141;1715321874.06;95521571753.27;139289367.12;"2025-07-12T23:59:59.999Z"
"2025-07-11T00:00:00.000Z";"2025-07-11T23:59:59.999Z";"2025-07-11T18:49:00.000Z";"2025-07-11T22:29:00.000Z";"2781";685.660736411;696.8694827469;683.8527272634;689.8733405031;2327541747.68;96092053933.09;139289414.87;"2025-07-11T23:59:59.999Z"
"2025-07-10T00:00:00.000Z";"2025-07-10T23:59:59.999Z";"2025-07-10T22:55:00.000Z";"2025-07-10T15:44:00.000Z";"2781";669.1525108219;687.3542245319;668.0310947037;685.660736411;2023565747.87;95505324270.22;139289475.39;"2025-07-10T23:59:59.999Z"
"2025-07-09T00:00:00.000Z";"2025-07-09T23:59:59.999Z";"2025-07-09T20:04:00.000Z";"2025-07-09T10:36:00.000Z";"2781";660.7628950885;670.7850932897;659.5992486507;669.1525108219;1667011676.9;94273552022.47;140885000.8;"2025-07-09T23:59:59.999Z"
"2025-07-08T00:00:00.000Z";"2025-07-08T23:59:59.999Z";"2025-07-08T00:46:00.000Z";"2025-07-08T16:19:00.000Z";"2781";661.0180847877;662.4974202565;657.5650920717;660.7628950885;1517607541.52;93091616770.26;140885054.93;"2025-07-08T23:59:59.999Z"
"2025-07-07T00:00:00.000Z";"2025-07-07T23:59:59.999Z";"2025-07-07T00:01:00.000Z";"2025-07-07T17:07:00.000Z";"2781";663.0889838829;663.2283265111;657.1060926292;661.0181839108;1524912344.69;93127601925.27;140885104.46;"2025-07-07T23:59:59.999Z"
"2025-07-06T00:00:00.000Z";"2025-07-06T23:59:59.999Z";"2025-07-06T21:38:00.000Z";"2025-07-06T05:37:00.000Z";"2781";656.1429655003;664.6273591225;653.8736529332;663.0889838829;1387600565.34;93419393954.85;140885154.52;"2025-07-06T23:59:59.999Z"
"2025-07-05T00:00:00.000Z";"2025-07-05T23:59:59.999Z";"2025-07-05T06:00:00.000Z";"2025-07-05T19:17:00.000Z";"2781";653.7394887223;656.6618843197;652.3401544881;656.1428984849;1193229341.57;92440821965.94;140885197.69;"2025-07-05T23:59:59.999Z"
"2025-07-04T00:00:00.000Z";"2025-07-04T23:59:59.999Z";"2025-07-04T00:11:00.000Z";"2025-07-04T16:22:00.000Z";"2781";663.3231329955;664.0619731254;650.7118465713;653.7394887223;1379813702.54;92102246217.43;140885242.22;"2025-07-04T23:59:59.999Z"
"2025-07-03T00:00:00.000Z";"2025-07-03T23:59:59.999Z";"2025-07-03T14:04:00.000Z";"2025-07-03T15:59:00.000Z";"2781";660.0572801046;664.387667345;657.2025591053;663.3231329955;1512518611.9;93452470383.71;140885287.63;"2025-07-03T23:59:59.999Z"
"2025-07-02T00:00:00.000Z";"2025-07-02T23:59:59.999Z";"2025-07-02T17:04:00.000Z";"2025-07-02T01:19:00.000Z";"2781";646.3979613312;664.7878025552;644.8728142492;660.0572801046;1576434816.23;92992394056.39;140885339.59;"2025-07-02T23:59:59.999Z"
"2025-07-01T00:00:00.000Z";"2025-07-01T23:59:59.999Z";"2025-07-01T00:22:00.000Z";"2025-07-01T23:16:00.000Z";"2781";657.0258091064;658.9859401387;644.67249468;646.3979613312;1382771755.38;91068033221.15;140885396.72;"2025-07-01T23:59:59.999Z"
"2025-06-30T00:00:00.000Z";"2025-06-30T23:59:59.999Z";"2025-06-30T20:58:00.000Z";"2025-06-30T10:34:00.000Z";"2781";655.0362182483;659.8912568443;651.8738323142;657.0253460439;1487336817.28;92565372822.28;140885443.98;"2025-06-30T23:59:59.999Z"
"2025-06-29T00:00:00.000Z";"2025-06-29T23:59:59.999Z";"2025-06-29T23:07:00.000Z";"2025-06-29T02:13:00.000Z";"2781";648.7504152563;655.6026637182;647.273329949;655.0362182483;1284469590.11;92285103043.02;140885496.82;"2025-06-29T23:59:59.999Z"
"2025-06-28T00:00:00.000Z";"2025-06-28T23:59:59.999Z";"2025-06-28T23:25:00.000Z";"2025-06-28T03:55:00.000Z";"2781";646.1536526313;649.16613821;644.5742049047;648.7504152563;1185616314.78;91399553194.93;140885540.95;"2025-06-28T23:59:59.999Z"
"2025-06-27T00:00:00.000Z";"2025-06-27T23:59:59.999Z";"2025-06-27T16:39:00.000Z";"2025-06-27T01:11:00.000Z";"2781";642.4138744995;647.4111392218;640.548027154;646.1536526313;1358247058.16;91033735098.85;140885584.61;"2025-06-27T23:59:59.999Z"
"2025-06-26T00:00:00.000Z";"2025-06-26T23:59:59.999Z";"2025-06-26T03:07:00.000Z";"2025-06-26T23:17:00.000Z";"2781";645.9231617395;649.984112951;641.8189067269;642.4142587645;1439442979.27;90506894781.06;140885647.67;"2025-06-26T23:59:59.999Z"
"2025-06-25T00:00:00.000Z";"2025-06-25T23:59:59.999Z";"2025-06-25T04:11:00.000Z";"2025-06-25T09:46:00.000Z";"2781";643.7372115011;650.2682005131;642.5645758942;645.9231617395;1653677160.79;91001343628.21;140885710.59;"2025-06-25T23:59:59.999Z"
"2025-06-24T00:00:00.000Z";"2025-06-24T23:59:59.999Z";"2025-06-24T21:01:00.000Z";"2025-06-24T11:27:00.000Z";"2781";641.2962327453;644.2817371429;636.9046297239;643.7371597859;1498769929.06;90693409263.12;140885764.63;"2025-06-24T23:59:59.999Z"
"2025-06-23T00:00:00.000Z";"2025-06-23T23:59:59.999Z";"2025-06-23T22:34:00.000Z";"2025-06-23T00:35:00.000Z";"2781";615.9945725071;642.7957694797;615.5883799599;641.2962327453;1783710380.46;90349548563.2;140885824.6;"2025-06-23T23:59:59.999Z"
"2025-06-22T00:00:00.000Z";"2025-06-22T23:59:59.999Z";"2025-06-22T06:41:00.000Z";"2025-06-22T20:31:00.000Z";"2781";628.7477270784;635.1699288628;602.7050549369;615.9946342319;1895564159.82;86784951122.6;140885902.24;"2025-06-22T23:59:59.999Z"
"2025-06-21T00:00:00.000Z";"2025-06-21T23:59:59.999Z";"2025-06-21T03:13:00.000Z";"2025-06-21T21:41:00.000Z";"2781";641.7843937698;644.9034650506;624.7101116178;628.7478881021;1486820787.99;88581725033.53;140885956.67;"2025-06-21T23:59:59.999Z"
"2025-06-20T00:00:00.000Z";"2025-06-20T23:59:59.999Z";"2025-06-20T08:31:00.000Z";"2025-06-20T17:41:00.000Z";"2781";644.6846965901;649.596754628;638.6568372901;641.7843937698;1614121224.67;90418443802.06;140886012;"2025-06-20T23:59:59.999Z"
"2025-06-19T00:00:00.000Z";"2025-06-19T23:59:59.999Z";"2025-06-19T05:10:00.000Z";"2025-06-19T17:01:00.000Z";"2781";644.8067931405;646.4259045015;639.0229770971;644.6807235436;1374982734.36;90827143835;140886148.4;"2025-06-19T23:59:59.999Z"
"2025-06-18T00:00:00.000Z";"2025-06-18T23:59:59.999Z";"2025-06-18T05:34:00.000Z";"2025-06-18T13:34:00.000Z";"2781";648.5108327067;653.4296730973;637.9425576394;644.8067931405;1667361897.85;90844391038.84;140886218.95;"2025-06-18T23:59:59.999Z"
"2025-06-17T00:00:00.000Z";"2025-06-17T23:59:59.999Z";"2025-06-17T06:31:00.000Z";"2025-06-17T17:06:00.000Z";"2781";650.9662027652;659.0388362012;640.8545601994;648.5108327067;1784039065.32;91366278117.72;140886279.01;"2025-06-17T23:59:59.999Z"
"2025-06-16T00:00:00.000Z";"2025-06-16T23:59:59.999Z";"2025-06-16T14:37:00.000Z";"2025-06-16T01:36:00.000Z";"2781";648.2817744867;659.2434248904;646.8133083826;650.9617427747;1588063609.47;91712253348.54;140886351.64;"2025-06-16T23:59:59.999Z"
"2025-06-15T00:00:00.000Z";"2025-06-15T23:59:59.999Z";"2025-06-15T06:52:00.000Z";"2025-06-15T20:46:00.000Z";"2781";645.9123812672;651.7022209632;642.9980060292;648.2807444576;1352632284.83;91333954959.51;140886422.65;"2025-06-15T23:59:59.999Z"
"2025-06-14T00:00:00.000Z";"2025-06-14T23:59:59.999Z";"2025-06-14T00:01:00.000Z";"2025-06-14T18:44:00.000Z";"2781";655.2624074811;655.4783705597;639.6327324821;645.9127692167;1337524307.2;91000331557.81;140886495.13;"2025-06-14T23:59:59.999Z"
"2025-06-13T00:00:00.000Z";"2025-06-13T23:59:59.999Z";"2025-06-13T08:20:00.000Z";"2025-06-13T02:46:00.000Z";"2781";656.2520049284;659.3117781007;641.3123023714;655.2557567589;1964558213.41;92317662241.24;140886553.52;"2025-06-13T23:59:59.999Z"
"2025-06-12T00:00:00.000Z";"2025-06-12T23:59:59.999Z";"2025-06-12T02:16:00.000Z";"2025-06-12T20:58:00.000Z";"2781";667.6690421463;669.5156625056;652.789714176;656.2438359737;1695465664.9;92457129211.66;140886623.61;"2025-06-12T23:59:59.999Z"
"2025-06-11T00:00:00.000Z";"2025-06-11T23:59:59.999Z";"2025-06-11T00:10:00.000Z";"2025-06-11T22:44:00.000Z";"2781";673.6104679522;673.9506135934;663.1364409437;667.6690421463;1778663530.69;94065687699.65;140886699.49;"2025-06-11T23:59:59.999Z"
"2025-06-10T00:00:00.000Z";"2025-06-10T23:59:59.999Z";"2025-06-10T23:59:00.000Z";"2025-06-10T09:10:00.000Z";"2781";665.9545955972;673.6307108321;657.6258405401;673.6104679522;1849736871.51;94902812808.38;140886784.46;"2025-06-10T23:59:59.999Z"
"2025-06-09T00:00:00.000Z";"2025-06-09T23:59:59.999Z";"2025-06-09T22:31:00.000Z";"2025-06-09T06:13:00.000Z";"2781";652.1478090014;667.7134757409;648.5833074737;665.9540142019;1629752669.7;93824264596;140886879.1;"2025-06-09T23:59:59.999Z"
"2025-06-08T00:00:00.000Z";"2025-06-08T23:59:59.999Z";"2025-06-08T21:56:00.000Z";"2025-06-08T10:33:00.000Z";"2781";651.1504384993;656.2776832023;646.931290024;652.1478090014;1385072457.51;91879128600.18;140886969.69;"2025-06-08T23:59:59.999Z"
"2025-06-07T00:00:00.000Z";"2025-06-07T23:59:59.999Z";"2025-06-07T21:46:00.000Z";"2025-06-07T00:24:00.000Z";"2781";643.4424612914;653.8912017588;640.949053237;651.1504384993;1468009270.1;91738662914.78;140887047.74;"2025-06-07T23:59:59.999Z"
"2025-06-06T00:00:00.000Z";"2025-06-06T23:59:59.999Z";"2025-06-06T14:22:00.000Z";"2025-06-06T00:25:00.000Z";"2781";634.0519989555;651.3796403769;631.1067349153;643.4341925781;1728825228.63;90652761009.44;140887128.94;"2025-06-06T23:59:59.999Z"
"2025-06-05T00:00:00.000Z";"2025-06-05T23:59:59.999Z";"2025-06-05T09:47:00.000Z";"2025-06-05T21:01:00.000Z";"2781";663.7078657123;670.5805621262;626.6804148116;634.0535938327;1987901561.82;89330051729.49;140887225.62;"2025-06-05T23:59:59.999Z"
"2025-06-04T00:00:00.000Z";"2025-06-04T23:59:59.999Z";"2025-06-04T08:26:00.000Z";"2025-06-04T00:43:00.000Z";"2781";661.69900108;671.9303796891;661.3744437521;663.7063030245;1561308739.66;93508019887.94;140887316.12;"2025-06-04T23:59:59.999Z"
"2025-06-03T00:00:00.000Z";"2025-06-03T23:59:59.999Z";"2025-06-03T01:31:00.000Z";"2025-06-03T21:58:00.000Z";"2781";666.5907447993;672.7042054274;658.5495437737;661.6988978498;1696519631.33;93225052771.14;140887401.4;"2025-06-03T23:59:59.999Z"
"2025-06-02T00:00:00.000Z";"2025-06-02T23:59:59.999Z";"2025-06-02T23:51:00.000Z";"2025-06-02T12:26:00.000Z";"2781";660.9854485184;666.994904148;650.4496832214;666.5907405715;1782539875.07;93914302431.38;140887498.31;"2025-06-02T23:59:59.999Z"
"2025-06-01T00:00:00.000Z";"2025-06-01T23:59:59.999Z";"2025-06-01T23:28:00.000Z";"2025-06-01T12:49:00.000Z";"2781";658.4995935656;662.3483199963;648.2598158725;660.9917354659;1468711164.71;93124638122;140887576.77;"2025-06-01T23:59:59.999Z"
"2025-05-31T00:00:00.000Z";"2025-05-31T23:59:59.999Z";"2025-05-31T21:12:00.000Z";"2025-05-31T03:21:00.000Z";"2781";655.5108711861;661.3086565231;646.9629427433;658.5012788168;1478599982.75;92774457076.28;140887645.16;"2025-05-31T23:59:59.999Z"
"2025-05-30T00:00:00.000Z";"2025-05-30T23:59:59.999Z";"2025-05-30T00:25:00.000Z";"2025-05-30T23:36:00.000Z";"2781";675.2001951639;678.1555658766;654.6506310987;655.4821836386;1904377879.72;92353428792.51;140887714.99;"2025-05-30T23:59:59.999Z"
"2025-05-29T00:00:00.000Z";"2025-05-29T23:59:59.999Z";"2025-05-29T01:02:00.000Z";"2025-05-29T19:46:00.000Z";"2781";687.4058180696;690.8436823049;673.9274319039;675.172202221;1938258666.7;95127464229.24;140887791.37;"2025-05-29T23:59:59.999Z"
"2025-05-28T00:00:00.000Z";"2025-05-28T23:59:59.999Z";"2025-05-28T12:25:00.000Z";"2025-05-28T06:38:00.000Z";"2781";687.1602250983;688.9775914678;680.6652551618;687.4055051259;1759924602.27;96847141361.59;140887869.75;"2025-05-28T23:59:59.999Z"
"2025-05-27T00:00:00.000Z";"2025-05-27T23:59:59.999Z";"2025-05-27T14:22:00.000Z";"2025-05-27T01:25:00.000Z";"2781";674.3926559672;695.8683994493;667.2309731843;687.1595019264;2019130226.05;96812597071.09;140887952.38;"2025-05-27T23:59:59.999Z"
"2025-05-26T00:00:00.000Z";"2025-05-26T23:59:59.999Z";"2025-05-26T16:16:00.000Z";"2025-05-26T00:35:00.000Z";"2781";669.9174772065;677.6790561548;668.8999231124;674.3926559672;1568627597.63;95013851019.25;140888027.44;"2025-05-26T23:59:59.999Z"
"2025-05-25T00:00:00.000Z";"2025-05-25T23:59:59.999Z";"2025-05-25T22:58:00.000Z";"2025-05-25T08:54:00.000Z";"2781";668.3065071523;671.4579729545;658.1526733618;669.9168593867;1591152957.74;94383407762.23;140888110.81;"2025-05-25T23:59:59.999Z"
"2025-05-24T00:00:00.000Z";"2025-05-24T23:59:59.999Z";"2025-05-24T10:58:00.000Z";"2025-05-24T00:06:00.000Z";"2781";656.2304359371;676.8642980377;656.1278050886;668.3065071523;1475660792.28;94156486826.59;140888179.03;"2025-05-24T23:59:59.999Z"
"2025-05-23T00:00:00.000Z";"2025-05-23T23:59:59.999Z";"2025-05-23T03:10:00.000Z";"2025-05-23T23:50:00.000Z";"2781";686.2513986873;690.9200608425;654.8810429021;656.2316695695;1996132529.36;92455150149.59;140888238.47;"2025-05-23T23:59:59.999Z"
"2025-05-22T00:00:00.000Z";"2025-05-22T23:59:59.999Z";"2025-05-22T03:51:00.000Z";"2025-05-22T00:00:00.000Z";"2781";673.1505061174;688.0584120158;673.1313853611;686.2356649468;2248278627.43;96682582107.9;140888308.56;"2025-05-22T23:59:59.999Z"
"2025-05-21T00:00:00.000Z";"2025-05-21T23:59:59.999Z";"2025-05-21T23:29:00.000Z";"2025-05-21T02:10:00.000Z";"2781";650.3308072366;677.0289944808;649.1345336594;673.1486244986;2377493291;94839094178.18;140888394.67;"2025-05-21T23:59:59.999Z"
"2025-05-20T00:00:00.000Z";"2025-05-20T23:59:59.999Z";"2025-05-20T02:28:00.000Z";"2025-05-20T13:52:00.000Z";"2781";649.8463868276;653.4020813661;641.1644501317;650.3308072366;1512635651.56;91624128150.44;140888494.18;"2025-05-20T23:59:59.999Z"
"2025-05-19T00:00:00.000Z";"2025-05-19T23:59:59.999Z";"2025-05-19T00:10:00.000Z";"2025-05-19T07:03:00.000Z";"2781";652.1164075738;652.9885922601;634.1826630447;649.8529118094;1595233688.42;91555921895.3;140888560.36;"2025-05-19T23:59:59.999Z"
"2025-05-18T00:00:00.000Z";"2025-05-18T23:59:59.999Z";"2025-05-18T16:13:00.000Z";"2025-05-18T20:14:00.000Z";"2781";639.61890017;654.7149464657;635.4116860754;652.1643234008;1592388677.86;91875782881.38;140888623.28;"2025-05-18T23:59:59.999Z"
"2025-05-17T00:00:00.000Z";"2025-05-17T23:59:59.999Z";"2025-05-17T00:01:00.000Z";"2025-05-17T01:51:00.000Z";"2781";646.3213680808;646.7220206739;635.484892695;639.61890017;1449713511.76;90115062957.36;140888680.64;"2025-05-17T23:59:59.999Z"
"2025-05-16T00:00:00.000Z";"2025-05-16T23:59:59.999Z";"2025-05-16T03:34:00.000Z";"2025-05-16T22:53:00.000Z";"2781";651.2623262639;659.6885949917;644.3860467345;646.3213680808;1634445684.85;91059396681.99;140888729.94;"2025-05-16T23:59:59.999Z"
"2025-05-15T00:00:00.000Z";"2025-05-15T23:59:59.999Z";"2025-05-15T17:30:00.000Z";"2025-05-15T07:49:00.000Z";"2781";652.5711571056;660.2804836585;643.459396176;651.2642049939;1888457575.92;91755556287.55;140888782.58;"2025-05-15T23:59:59.999Z"
"2025-05-14T00:00:00.000Z";"2025-05-14T23:59:59.999Z";"2025-05-14T00:00:00.000Z";"2025-05-14T17:28:00.000Z";"2781";665.6120096904;665.6529493286;648.1204567736;652.5710560955;1876674691.63;91939989799.98;140888856.38;"2025-05-14T23:59:59.999Z"
"2025-05-13T00:00:00.000Z";"2025-05-13T23:59:59.999Z";"2025-05-13T19:49:00.000Z";"2025-05-13T04:04:00.000Z";"2781";660.4843273304;670.8954914813;641.6828804867;665.5705302049;2108811439.82;93771511380.71;140888917.29;"2025-05-13T23:59:59.999Z"
"2025-05-12T00:00:00.000Z";"2025-05-12T23:59:59.999Z";"2025-05-12T12:41:00.000Z";"2025-05-12T01:41:00.000Z";"2781";650.6254375226;690.3782337917;648.9622887026;660.4843273304;2609669555.66;93054966908.7;140888985.64;"2025-05-12T23:59:59.999Z"
"2025-05-11T00:00:00.000Z";"2025-05-11T23:59:59.999Z";"2025-05-11T00:16:00.000Z";"2025-05-11T16:11:00.000Z";"2781";663.6165413334;667.6354949415;648.8480801301;650.6254375226;1906600802.36;91666011464.11;140889067.93;"2025-05-11T23:59:59.999Z"
"2025-05-10T00:00:00.000Z";"2025-05-10T23:59:59.999Z";"2025-05-10T00:22:00.000Z";"2025-05-10T12:01:00.000Z";"2781";666.8892794009;677.3534042209;649.3595034418;663.6172790363;2282413255.59;93496463551.78;140889133.7;"2025-05-10T23:59:59.999Z"
"2025-05-09T00:00:00.000Z";"2025-05-09T23:59:59.999Z";"2025-05-09T23:38:00.000Z";"2025-05-09T02:55:00.000Z";"2781";628.6528935217;667.8003422778;623.8835142841;666.8784747646;2418287834.84;93955986257.12;140889217.17;"2025-05-09T23:59:59.999Z"
"2025-05-08T00:00:00.000Z";"2025-05-08T23:59:59.999Z";"2025-05-08T23:59:00.000Z";"2025-05-08T01:58:00.000Z";"2781";603.2793910324;628.6717662388;601.0078705513;628.663480205;2061341460.76;88570471530.24;140889308.62;"2025-05-08T23:59:59.999Z"
"2025-05-07T00:00:00.000Z";"2025-05-07T23:59:59.999Z";"2025-05-07T12:28:00.000Z";"2025-05-07T16:40:00.000Z";"2781";602.4738589098;608.9858345375;598.2972552984;603.2796699135;1537003234.09;84995694130.29;140889437.62;"2025-05-07T23:59:59.999Z"
"2025-05-06T00:00:00.000Z";"2025-05-06T23:59:59.999Z";"2025-05-06T23:52:00.000Z";"2025-05-06T11:58:00.000Z";"2781";597.6897480606;602.968613417;593.5989744841;602.4738589098;1594251779.79;84882290846.61;140889583.16;"2025-05-06T23:59:59.999Z"
"2025-05-05T00:00:00.000Z";"2025-05-05T23:59:59.999Z";"2025-05-05T22:43:00.000Z";"2025-05-05T02:04:00.000Z";"2781";585.9950604109;599.8522633308;584.6096729457;597.6897480606;1465943685.19;84208342583.99;140889722.23;"2025-05-05T23:59:59.999Z"
"2025-05-04T00:00:00.000Z";"2025-05-04T23:59:59.999Z";"2025-05-04T01:16:00.000Z";"2025-05-04T23:34:00.000Z";"2781";599.3313659517;600.4434898706;585.3081127561;585.9950604109;1306600030.1;82560736150.31;140889815.85;"2025-05-04T23:59:59.999Z"
"2025-05-03T00:00:00.000Z";"2025-05-03T23:59:59.999Z";"2025-05-03T00:07:00.000Z";"2025-05-03T11:08:00.000Z";"2781";601.1643770515;601.2944631128;595.5932131919;599.3313659517;1221915135.87;84439732194.29;140889893.29;"2025-05-03T23:59:59.999Z"
"2025-05-02T00:00:00.000Z";"2025-05-02T23:59:59.999Z";"2025-05-02T03:16:00.000Z";"2025-05-02T08:01:00.000Z";"2781";599.9290331179;603.505050109;595.8296680389;601.1641727857;1444818830.53;84698023581.4;140889957.58;"2025-05-02T23:59:59.999Z"
"2025-05-01T00:00:00.000Z";"2025-05-01T23:59:59.999Z";"2025-05-01T10:22:00.000Z";"2025-05-01T23:11:00.000Z";"2781";599.6871810255;605.1372565266;598.4885698015;599.9182382536;1406049035.15;84524014878.4;140890022.34;"2025-05-01T23:59:59.999Z"
"2025-04-30T00:00:00.000Z";"2025-04-30T23:59:59.999Z";"2025-04-30T06:34:00.000Z";"2025-04-30T14:01:00.000Z";"2781";601.0189634465;604.4778505178;592.4177609644;599.6816926576;1504095221.75;84489984690.57;140890096.31;"2025-04-30T23:59:59.999Z"
"2025-04-29T00:00:00.000Z";"2025-04-29T23:59:59.999Z";"2025-04-29T07:34:00.000Z";"2025-04-29T23:17:00.000Z";"2781";606.3649829394;610.6404408178;598.6603033579;601.0290201203;1587553456.35;84677669198.14;140890178.76;"2025-04-29T23:59:59.999Z"
"2025-04-28T00:00:00.000Z";"2025-04-28T23:59:59.999Z";"2025-04-28T11:35:00.000Z";"2025-04-28T01:44:00.000Z";"2781";603.6246166373;608.1511962362;598.9936956441;606.3649829394;1478956158.26;85430921162.37;140890261.75;"2025-04-28T23:59:59.999Z"
"2025-04-27T00:00:00.000Z";"2025-04-27T23:59:59.999Z";"2025-04-27T00:32:00.000Z";"2025-04-27T05:31:00.000Z";"2781";607.7041182727;608.5829508266;597.9349885357;603.6184824469;1452152302.77;85044873896.95;140890334.08;"2025-04-27T23:59:59.999Z"
"2025-04-26T00:00:00.000Z";"2025-04-26T23:59:59.999Z";"2025-04-26T16:07:00.000Z";"2025-04-26T00:24:00.000Z";"2781";600.1918860955;609.1361140631;600.0881924652;607.7041182727;1507509249.62;85619670708.14;140890390.79;"2025-04-26T23:59:59.999Z"
"2025-04-25T00:00:00.000Z";"2025-04-25T23:59:59.999Z";"2025-04-25T08:55:00.000Z";"2025-04-25T02:58:00.000Z";"2781";601.7152848842;610.1796090591;597.7703062809;600.1810341821;1735398070.85;84561304180.11;140890448.77;"2025-04-25T23:59:59.999Z"
"2025-04-24T00:00:00.000Z";"2025-04-24T23:59:59.999Z";"2025-04-24T02:40:00.000Z";"2025-04-24T08:55:00.000Z";"2781";605.8150113984;606.7443431742;594.3950631;601.7158025088;1573943360.88;84775983597.31;140890527.01;"2025-04-24T23:59:59.999Z"
"2025-04-23T00:00:00.000Z";"2025-04-23T23:59:59.999Z";"2025-04-23T06:28:00.000Z";"2025-04-23T20:13:00.000Z";"2781";618.8269614631;619.8624932918;601.9541404517;605.8150113984;1834047718.81;85353638651.72;140890597.04;"2025-04-23T23:59:59.999Z"
"2025-04-22T00:00:00.000Z";"2025-04-22T23:59:59.999Z";"2025-04-22T23:55:00.000Z";"2025-04-22T00:37:00.000Z";"2781";597.4171659873;618.9900680868;595.8809528387;618.8269614631;1734142940.56;87186945969.58;140890671.22;"2025-04-22T23:59:59.999Z"
"2025-04-21T00:00:00.000Z";"2025-04-21T23:59:59.999Z";"2025-04-21T06:11:00.000Z";"2025-04-21T00:07:00.000Z";"2781";592.9724084166;607.8202656748;592.6761466511;597.4141604923;1430343137.41;84170555237.34;140890754.45;"2025-04-21T23:59:59.999Z"
"2025-04-20T00:00:00.000Z";"2025-04-20T23:59:59.999Z";"2025-04-20T08:48:00.000Z";"2025-04-20T16:11:00.000Z";"2781";591.7768007346;595.154108068;587.7653811753;592.9724084166;1307477244.96;83544366202.68;140890815.52;"2025-04-20T23:59:59.999Z"
"2025-04-19T00:00:00.000Z";"2025-04-19T23:59:59.999Z";"2025-04-19T04:34:00.000Z";"2025-04-19T16:52:00.000Z";"2781";591.7638578722;594.1421704648;587.9763699825;591.7768007346;1227124904.03;83375948952.28;140890871.1;"2025-04-19T23:59:59.999Z"
"2025-04-18T00:00:00.000Z";"2025-04-18T23:59:59.999Z";"2025-04-18T18:22:00.000Z";"2025-04-18T07:17:00.000Z";"2781";590.1621581782;595.7663408666;587.2661110405;591.7638578722;1418376835.17;83374154559.56;140890920.34;"2025-04-18T23:59:59.999Z"
"2025-04-17T00:00:00.000Z";"2025-04-17T23:59:59.999Z";"2025-04-17T18:07:00.000Z";"2025-04-17T03:40:00.000Z";"2781";582.8061902824;592.8593397556;581.2038316248;590.1621581782;1401643769.5;83148527934.79;140890985.27;"2025-04-17T23:59:59.999Z"
"2025-04-16T00:00:00.000Z";"2025-04-16T23:59:59.999Z";"2025-04-16T17:31:00.000Z";"2025-04-16T00:22:00.000Z";"2781";579.6860747471;585.4108133307;576.459208028;582.8061902824;1435912484.46;82112174300.35;140891046.92;"2025-04-16T23:59:59.999Z"
"2025-04-15T00:00:00.000Z";"2025-04-15T23:59:59.999Z";"2025-04-15T10:06:00.000Z";"2025-04-15T23:59:00.000Z";"2781";584.3346731755;590.5156931115;579.640078955;579.6860266797;1329270099.09;82588072214.66;142470340.09;"2025-04-15T23:59:59.999Z"
"2025-04-14T00:00:00.000Z";"2025-04-14T23:59:59.999Z";"2025-04-14T12:01:00.000Z";"2025-04-14T17:01:00.000Z";"2781";584.0425034053;592.5643913732;583.3970122219;584.3351895695;1359554983.81;83250417486.2;142470439.13;"2025-04-14T23:59:59.999Z"
"2025-04-13T00:00:00.000Z";"2025-04-13T23:59:59.999Z";"2025-04-13T01:32:00.000Z";"2025-04-13T19:43:00.000Z";"2781";597.1232049419;597.5099216193;580.8244934004;584.0425034053;1318461096.15;83208852939.82;142470543.59;"2025-04-13T23:59:59.999Z"
"2025-04-12T00:00:00.000Z";"2025-04-12T23:59:59.999Z";"2025-04-12T15:46:00.000Z";"2025-04-12T04:19:00.000Z";"2781";586.0890095776;600.0559013281;583.9795113895;597.1230687081;1331878416.09;85072525160.96;142470639.99;"2025-04-12T23:59:59.999Z"
"2025-04-11T00:00:00.000Z";"2025-04-11T23:59:59.999Z";"2025-04-11T18:13:00.000Z";"2025-04-11T01:01:00.000Z";"2781";577.4059580358;589.8585141589;575.7572350401;586.0890095776;1369541748.4;83500525634.33;142470724.19;"2025-04-11T23:59:59.999Z"
"2025-04-10T00:00:00.000Z";"2025-04-10T23:59:59.999Z";"2025-04-10T00:00:00.000Z";"2025-04-10T16:29:00.000Z";"2781";582.3781994027;582.3907596476;567.2200691191;577.4059580358;1731740429.21;82263490019.11;142470802.17;"2025-04-10T23:59:59.999Z"
"2025-04-09T00:00:00.000Z";"2025-04-09T23:59:59.999Z";"2025-04-09T18:26:00.000Z";"2025-04-09T01:32:00.000Z";"2781";553.4673769785;585.603681367;534.8805774236;582.3693505311;1963610004.61;82970678601.51;142470888.15;"2025-04-09T23:59:59.999Z"
"2025-04-08T00:00:00.000Z";"2025-04-08T23:59:59.999Z";"2025-04-08T04:31:00.000Z";"2025-04-08T17:29:00.000Z";"2781";554.4859174323;564.9382257732;548.1412158144;553.4673769785;1676208164.7;78853037819.53;142470976.79;"2025-04-08T23:59:59.999Z"
"2025-04-07T00:00:00.000Z";"2025-04-07T23:59:59.999Z";"2025-04-07T01:28:00.000Z";"2025-04-07T07:01:00.000Z";"2781";554.594890915;564.7923891275;522.7157500457;554.4833902724;2852045941.64;78998193334.26;142471054.45;"2025-04-07T23:59:59.999Z"
"2025-04-06T00:00:00.000Z";"2025-04-06T23:59:59.999Z";"2025-04-06T00:29:00.000Z";"2025-04-06T23:25:00.000Z";"2781";593.1388156599;593.4614890332;545.3226684008;554.594890915;1679604717.21;79013781875.5;142471168;"2025-04-06T23:59:59.999Z"
"2025-04-05T00:00:00.000Z";"2025-04-05T23:59:59.999Z";"2025-04-05T01:38:00.000Z";"2025-04-05T20:43:00.000Z";"2781";597.5792977105;598.5463343875;589.9329640937;593.1148676703;1008300250.53;84505234244.04;142471259.7;"2025-04-05T23:59:59.999Z"
"2025-04-04T00:00:00.000Z";"2025-04-04T23:59:59.999Z";"2025-04-04T21:49:00.000Z";"2025-04-04T11:31:00.000Z";"2781";592.1237342901;599.4798404248;585.35395262;597.5794175402;1520730677.32;85137921466.51;142471336.93;"2025-04-04T23:59:59.999Z"
"2025-04-03T00:00:00.000Z";"2025-04-03T23:59:59.999Z";"2025-04-03T02:41:00.000Z";"2025-04-03T14:55:00.000Z";"2781";590.6375695155;609.344676823;579.444096489;592.124477523;2067033502.3;84360713041.46;142471426.42;"2025-04-03T23:59:59.999Z"
"2025-04-02T00:00:00.000Z";"2025-04-02T23:59:59.999Z";"2025-04-02T00:07:00.000Z";"2025-04-02T22:46:00.000Z";"2781";611.2971245063;611.518205433;585.1218958803;590.6375695155;1835749587.09;84149043348.81;142471538.71;"2025-04-02T23:59:59.999Z"
"2025-04-01T00:00:00.000Z";"2025-04-01T23:59:59.999Z";"2025-04-01T09:52:00.000Z";"2025-04-01T00:04:00.000Z";"2781";605.0728067643;618.1237670544;604.7547793535;611.2971245063;2091803390.82;87092521198.21;142471668.37;"2025-04-01T23:59:59.999Z"
"2025-03-31T00:00:00.000Z";"2025-03-31T23:59:59.999Z";"2025-03-31T17:34:00.000Z";"2025-03-31T09:56:00.000Z";"2781";601.8302041726;608.5010820059;588.0861583863;605.0728067643;1538796117.85;86205812479.54;142471800.94;"2025-03-31T23:59:59.999Z"
"2025-03-30T00:00:00.000Z";"2025-03-30T23:59:59.999Z";"2025-03-30T03:16:00.000Z";"2025-03-30T22:10:00.000Z";"2781";603.1913696901;612.7893944573;594.2143314583;601.8302041726;1204098084.71;85743907513.01;142471924.67;"2025-03-30T23:59:59.999Z"
"2025-03-29T00:00:00.000Z";"2025-03-29T23:59:59.999Z";"2025-03-29T00:46:00.000Z";"2025-03-29T17:19:00.000Z";"2781";619.474618619;623.2123993692;598.2187860483;603.2378574155;1367332800.05;85937916404.76;142472058.99;"2025-03-29T23:59:59.999Z"
"2025-03-28T00:00:00.000Z";"2025-03-28T23:59:59.999Z";"2025-03-28T00:00:00.000Z";"2025-03-28T21:58:00.000Z";"2781";637.2064472658;637.2418539795;615.9251381531;619.4748898083;1608298525.92;88257904492.38;142472188.27;"2025-03-28T23:59:59.999Z"
"2025-03-27T00:00:00.000Z";"2025-03-27T23:59:59.999Z";"2025-03-27T09:04:00.000Z";"2025-03-27T00:12:00.000Z";"2781";617.8167964987;641.4896148848;617.6778017688;637.2069513443;2441273621.71;90784277222.47;142472314.29;"2025-03-27T23:59:59.999Z"
"2025-03-26T00:00:00.000Z";"2025-03-26T23:59:59.999Z";"2025-03-26T07:49:00.000Z";"2025-03-26T19:16:00.000Z";"2781";629.9423864588;634.0476786359;615.8455327836;617.8167964987;1600178624.15;88021901271.78;142472496.33;"2025-03-26T23:59:59.999Z"
"2025-03-25T00:00:00.000Z";"2025-03-25T23:59:59.999Z";"2025-03-25T06:16:00.000Z";"2025-03-25T22:32:00.000Z";"2781";636.6449615261;644.8742809326;627.4440773736;629.942854361;2238118521.95;89749544679.42;142472623.86;"2025-03-25T23:59:59.999Z"
"2025-03-24T00:00:00.000Z";"2025-03-24T23:59:59.999Z";"2025-03-24T17:44:00.000Z";"2025-03-24T02:02:00.000Z";"2781";623.3495102319;639.0226101534;619.0501744842;636.6445415871;1788439257.26;90704600938.32;142472816.75;"2025-03-24T23:59:59.999Z"
"2025-03-23T00:00:00.000Z";"2025-03-23T23:59:59.999Z";"2025-03-23T01:22:00.000Z";"2025-03-23T16:37:00.000Z";"2781";626.5743930407;628.965656577;619.8584465398;623.3495102319;1222239081.29;88810476086.54;142473002.11;"2025-03-23T23:59:59.999Z"
"2025-03-22T00:00:00.000Z";"2025-03-22T23:59:59.999Z";"2025-03-22T01:16:00.000Z";"2025-03-22T15:35:00.000Z";"2781";634.5969912191;635.7654738035;624.1966947708;626.5743930407;1182741850.55;89270051220.5;142473187.88;"2025-03-22T23:59:59.999Z"
"2025-03-21T00:00:00.000Z";"2025-03-21T23:59:59.999Z";"2025-03-21T14:37:00.000Z";"2025-03-21T08:37:00.000Z";"2781";629.9424353129;637.1900382822;625.8570806561;634.6077612284;1472201311.13;90413212678.32;142473434.21;"2025-03-21T23:59:59.999Z"
"2025-03-20T00:00:00.000Z";"2025-03-20T23:59:59.999Z";"2025-03-20T09:46:00.000Z";"2025-03-20T16:52:00.000Z";"2781";619.2509588118;637.2163794828;616.9637349526;629.9424353129;2327219767.87;89750263739.31;142473754.28;"2025-03-20T23:59:59.999Z"
"2025-03-19T00:00:00.000Z";"2025-03-19T23:59:59.999Z";"2025-03-19T00:00:00.000Z";"2025-03-19T13:32:00.000Z";"2781";628.1344543026;628.1376520841;605.6179206542;619.2574920522;2006233745.57;88227142311.48;142473969.65;"2025-03-19T23:59:59.999Z"
"2025-03-18T00:00:00.000Z";"2025-03-18T23:59:59.999Z";"2025-03-18T10:13:00.000Z";"2025-03-18T01:55:00.000Z";"2781";631.3464774089;642.8888524609;622.4001316405;628.1344543026;2175151766.93;89492950759.94;142474195.05;"2025-03-18T23:59:59.999Z"
"2025-03-17T00:00:00.000Z";"2025-03-17T23:59:59.999Z";"2025-03-17T09:31:00.000Z";"2025-03-17T00:00:00.000Z";"2781";602.2096319772;643.0403567463;602.2096319772;631.3626340476;2488514983.95;89950751257.55;142474464.46;"2025-03-17T23:59:59.999Z"
"2025-03-16T00:00:00.000Z";"2025-03-16T23:59:59.999Z";"2025-03-16T00:54:00.000Z";"2025-03-16T11:54:00.000Z";"2781";619.4927077889;621.361495842;593.9570709719;602.2166303724;1437680152.11;85799658669.85;142474736.56;"2025-03-16T23:59:59.999Z"
"2025-03-15T00:00:00.000Z";"2025-03-15T23:59:59.999Z";"2025-03-15T23:58:00.000Z";"2025-03-15T00:00:00.000Z";"2781";587.1140919616;619.499516363;587.0840009233;619.4861122847;1403335470.31;88262138938.11;142474863.43;"2025-03-15T23:59:59.999Z"
"2025-03-14T00:00:00.000Z";"2025-03-14T23:59:59.999Z";"2025-03-14T19:18:00.000Z";"2025-03-14T08:15:00.000Z";"2781";579.218802085;589.1631792865;577.246499378;587.1363142758;1535548121.69;83649072402.52;142474986.63;"2025-03-14T23:59:59.999Z"
"2025-03-13T00:00:00.000Z";"2025-03-13T23:59:59.999Z";"2025-03-13T13:28:00.000Z";"2025-03-13T01:01:00.000Z";"2781";569.8948406689;603.4050147935;568.1260113434;579.218802085;2402408413.53;82524243716.52;142475077.5;"2025-03-13T23:59:59.999Z"
"2025-03-12T00:00:00.000Z";"2025-03-12T23:59:59.999Z";"2025-03-12T22:37:00.000Z";"2025-03-12T04:40:00.000Z";"2781";551.4745292766;574.4215666832;545.2668271002;569.8948406689;1792696031.23;81195861405.66;142475164.91;"2025-03-12T23:59:59.999Z"
"2025-03-11T00:00:00.000Z";"2025-03-11T23:59:59.999Z";"2025-03-11T10:13:00.000Z";"2025-03-11T00:58:00.000Z";"2781";532.1062228549;565.1581921065;509.8356992283;551.4745292766;2438043846.4;78571461285.7;142475231.61;"2025-03-11T23:59:59.999Z"
"2025-03-10T00:00:00.000Z";"2025-03-10T23:59:59.999Z";"2025-03-10T09:25:00.000Z";"2025-03-10T19:05:00.000Z";"2781";554.5804630141;572.0503701607;524.996117895;532.1219117703;1896805158.17;75812011377.77;142475333.16;"2025-03-10T23:59:59.999Z"
"2025-03-09T00:00:00.000Z";"2025-03-09T23:59:59.999Z";"2025-03-09T00:00:00.000Z";"2025-03-09T18:20:00.000Z";"2781";593.0823750614;593.0997565991;551.1481205391;554.5804630141;1540503120;79014084996.23;142475421.09;"2025-03-09T23:59:59.999Z"
"2025-03-08T00:00:00.000Z";"2025-03-08T23:59:59.999Z";"2025-03-08T17:44:00.000Z";"2025-03-08T01:37:00.000Z";"2781";593.9637304976;601.6479078489;591.7101805615;593.0808747097;1147671365.3;84499696920.45;142475481.44;"2025-03-08T23:59:59.999Z"
"2025-03-07T00:00:00.000Z";"2025-03-07T23:59:59.999Z";"2025-03-07T15:08:00.000Z";"2025-03-07T00:58:00.000Z";"2781";596.723715839;609.4311345919;579.3677898604;593.9633787084;1866542048.45;84625301597.78;142475537.23;"2025-03-07T23:59:59.999Z"
"2025-03-06T00:00:00.000Z";"2025-03-06T23:59:59.999Z";"2025-03-06T06:02:00.000Z";"2025-03-06T17:52:00.000Z";"2781";597.9758271336;612.0313309815;589.8913675446;596.7237297152;1621101888.19;85018576036.23;142475611.04;"2025-03-06T23:59:59.999Z"
"2025-03-05T00:00:00.000Z";"2025-03-05T23:59:59.999Z";"2025-03-05T10:39:00.000Z";"2025-03-05T00:50:00.000Z";"2781";583.5860123989;604.5371502614;581.3215192345;597.9758271336;1534770591.45;85197010316.13;142475676.19;"2025-03-05T23:59:59.999Z"
"2025-03-04T00:00:00.000Z";"2025-03-04T23:59:59.999Z";"2025-03-04T21:30:00.000Z";"2025-03-04T02:13:00.000Z";"2781";575.1699964002;587.8701865699;551.6925094872;583.5868285963;1969539537.57;83146853691.4;142475748.09;"2025-03-04T23:59:59.999Z"
"2025-03-03T00:00:00.000Z";"2025-03-03T23:59:59.999Z";"2025-03-03T00:02:00.000Z";"2025-03-03T22:01:00.000Z";"2781";622.9360885707;623.2995347532;568.5407294193;575.1699964002;2161303025.56;81947825452.31;142475834.91;"2025-03-03T23:59:59.999Z"
"2025-03-02T00:00:00.000Z";"2025-03-02T23:59:59.999Z";"2025-03-02T17:48:00.000Z";"2025-03-02T14:20:00.000Z";"2781";607.5109234579;634.5426605805;602.6329838479;622.9360885707;2130538305.32;88753393092.76;142475921.24;"2025-03-02T23:59:59.999Z"
"2025-03-01T00:00:00.000Z";"2025-03-01T23:59:59.999Z";"2025-03-01T22:10:00.000Z";"2025-03-01T01:03:00.000Z";"2781";587.4458120149;608.8959366428;586.5928577492;607.5115485628;1694454520.96;86555736737.25;142476017.13;"2025-03-01T23:59:59.999Z"
"2025-02-28T00:00:00.000Z";"2025-02-28T23:59:59.999Z";"2025-02-28T00:07:00.000Z";"2025-02-28T08:25:00.000Z";"2781";605.123629868;605.401272149;559.9704890171;587.4515717698;2166029990.03;83696980414.81;142476086.65;"2025-02-28T23:59:59.999Z"
"2025-02-27T00:00:00.000Z";"2025-02-27T23:59:59.999Z";"2025-02-27T07:56:00.000Z";"2025-02-27T21:08:00.000Z";"2781";610.6930596823;618.6282570918;595.8003051183;605.123629868;1866447677.25;86215709698.26;142476190.72;"2025-02-27T23:59:59.999Z"
"2025-02-26T00:00:00.000Z";"2025-02-26T23:59:59.999Z";"2025-02-26T03:45:00.000Z";"2025-02-26T20:25:00.000Z";"2781";622.9407670032;630.8197839115;595.2650352482;610.6930596823;1996066324.88;87009274620.31;142476278.78;"2025-02-26T23:59:59.999Z"
"2025-02-25T00:00:00.000Z";"2025-02-25T23:59:59.999Z";"2025-02-25T23:12:00.000Z";"2025-02-25T07:36:00.000Z";"2781";613.9629850111;627.2439933994;589.269835834;622.9407670032;2591258748.98;88754333096.59;142476360.19;"2025-02-25T23:59:59.999Z"
"2025-02-24T00:00:00.000Z";"2025-02-24T23:59:59.999Z";"2025-02-24T00:16:00.000Z";"2025-02-24T23:40:00.000Z";"2781";657.9036620927;659.148340488;612.8212074476;613.9629850111;1901201673.22;87475272528.07;142476459.76;"2025-02-24T23:59:59.999Z"
"2025-02-23T00:00:00.000Z";"2025-02-23T23:59:59.999Z";"2025-02-23T00:24:00.000Z";"2025-02-23T16:01:00.000Z";"2781";668.5744733633;671.0719754632;648.9799419571;657.9036620927;1502735945.65;93735851935.08;142476562.05;"2025-02-23T23:59:59.999Z"
"2025-02-22T00:00:00.000Z";"2025-02-22T23:59:59.999Z";"2025-02-22T19:29:00.000Z";"2025-02-22T00:07:00.000Z";"2781";646.8995133077;679.1232710752;645.6534090303;668.5747478959;1899367076.76;95256240389.36;142476633.77;"2025-02-22T23:59:59.999Z"
"2025-02-21T00:00:00.000Z";"2025-02-21T23:59:59.999Z";"2025-02-21T14:19:00.000Z";"2025-02-21T19:49:00.000Z";"2781";657.2009881236;668.0032747814;635.339917003;646.8995133077;1926193637.41;92168124687.67;142476725.97;"2025-02-21T23:59:59.999Z"
"2025-02-20T00:00:00.000Z";"2025-02-20T23:59:59.999Z";"2025-02-20T22:38:00.000Z";"2025-02-20T12:58:00.000Z";"2781";653.5146830068;658.9291339862;646.6703684516;657.2009881236;1709065792.36;93635908728.87;142476822.8;"2025-02-20T23:59:59.999Z"
"2025-02-19T00:00:00.000Z";"2025-02-19T23:59:59.999Z";"2025-02-19T11:55:00.000Z";"2025-02-19T01:43:00.000Z";"2781";647.4436177647;659.9886120955;638.1408404849;653.5146830068;1916599180.08;93110792192.48;142476970.47;"2025-02-19T23:59:59.999Z"
"2025-02-18T00:00:00.000Z";"2025-02-18T23:59:59.999Z";"2025-02-18T00:10:00.000Z";"2025-02-18T17:39:00.000Z";"2781";667.2362218113;667.7594977726;630.6552518876;647.4433430574;1985512627.32;92245924876.26;142477155.3;"2025-02-18T23:59:59.999Z"
"2025-02-17T00:00:00.000Z";"2025-02-17T23:59:59.999Z";"2025-02-17T14:42:00.000Z";"2025-02-17T19:05:00.000Z";"2781";674.1008592311;681.6255747535;659.2931107017;667.2290620378;1942930815.57;95066038645.77;142477334.92;"2025-02-17T23:59:59.999Z"
"2025-02-16T00:00:00.000Z";"2025-02-16T23:59:59.999Z";"2025-02-16T15:34:00.000Z";"2025-02-16T08:11:00.000Z";"2781";662.327604345;685.0858504588;654.3810266112;674.1008076049;2009553141.73;96044192828.32;142477481.69;"2025-02-16T23:59:59.999Z"
"2025-02-15T00:00:00.000Z";"2025-02-15T23:59:59.999Z";"2025-02-15T16:31:00.000Z";"2025-02-15T00:38:00.000Z";"2781";658.0436248505;670.7623108684;654.470248165;662.3276917542;1794465917.38;94366894135.18;142477670.44;"2025-02-15T23:59:59.999Z"
"2025-02-14T00:00:00.000Z";"2025-02-14T23:59:59.999Z";"2025-02-14T04:09:00.000Z";"2025-02-14T22:52:00.000Z";"2781";668.2775536129;683.9999478506;652.4675747149;658.0436248505;2581045408.53;93756657576.06;142477875.38;"2025-02-14T23:59:59.999Z"
"2025-02-13T00:00:00.000Z";"2025-02-13T23:59:59.999Z";"2025-02-13T13:40:00.000Z";"2025-02-13T17:23:00.000Z";"2781";698.0373509524;730.8347215853;660.6467092779;668.2775536129;5139846836.02;95215044500.9;142478292.12;"2025-02-13T23:59:59.999Z"
"2025-02-12T00:00:00.000Z";"2025-02-12T23:59:59.999Z";"2025-02-12T20:52:00.000Z";"2025-02-12T04:40:00.000Z";"2781";642.5872687487;704.7020353752;627.5713626439;698.0373509524;3007130370.45;99455756048.77;142479132.26;"2025-02-12T23:59:59.999Z"
"2025-02-11T00:00:00.000Z";"2025-02-11T23:59:59.999Z";"2025-02-11T23:34:00.000Z";"2025-02-11T02:35:00.000Z";"2781";618.314483965;646.0992936123;615.6916305965;642.5872687487;2162944541.08;91555470186.28;142479433.75;"2025-02-11T23:59:59.999Z"
"2025-02-10T00:00:00.000Z";"2025-02-10T23:59:59.999Z";"2025-02-10T00:49:00.000Z";"2025-02-10T02:58:00.000Z";"2781";616.6420806874;621.4203633296;597.0648250101;618.314483965;1860480296.9;88097189535.22;142479582.51;"2025-02-10T23:59:59.999Z"
"2025-02-09T00:00:00.000Z";"2025-02-09T23:59:59.999Z";"2025-02-09T09:01:00.000Z";"2025-02-09T22:07:00.000Z";"2781";613.3242363265;647.7876678361;603.4038424785;616.6420806874;2630256613.71;87858986630.74;142479712.92;"2025-02-09T23:59:59.999Z"
"2025-02-08T00:00:00.000Z";"2025-02-08T23:59:59.999Z";"2025-02-08T20:42:00.000Z";"2025-02-08T02:49:00.000Z";"2781";578.0668284587;633.0552167538;574.0418746529;613.3242363265;2087349099.42;87386431003.37;142479989.91;"2025-02-08T23:59:59.999Z"
"2025-02-07T00:00:00.000Z";"2025-02-07T23:59:59.999Z";"2025-02-07T14:23:00.000Z";"2025-02-07T22:07:00.000Z";"2781";572.2747351203;589.624308268;571.2774982567;578.0668284587;1583843572.54;82363054937.86;142480161.26;"2025-02-07T23:59:59.999Z"
"2025-02-06T00:00:00.000Z";"2025-02-06T23:59:59.999Z";"2025-02-06T13:43:00.000Z";"2025-02-06T00:01:00.000Z";"2781";569.7468850871;589.0063485357;569.5974212889;572.2740471306;1722558010.6;81537836077.71;142480230.34;"2025-02-06T23:59:59.999Z"
"2025-02-05T00:00:00.000Z";"2025-02-05T23:59:59.999Z";"2025-02-05T06:00:00.000Z";"2025-02-05T18:55:00.000Z";"2781";573.3278280258;578.9624213624;562.0692584508;569.7468850871;1494467850.03;81177737381.93;142480353.13;"2025-02-05T23:59:59.999Z"
"2025-02-04T00:00:00.000Z";"2025-02-04T23:59:59.999Z";"2025-02-04T00:07:00.000Z";"2025-02-04T21:58:00.000Z";"2781";617.1207701823;619.3443867746;559.263482077;573.3278280258;2336864401.01;81687981450.22;142480405.55;"2025-02-04T23:59:59.999Z"
"2025-02-03T00:00:00.000Z";"2025-02-03T23:59:59.999Z";"2025-02-03T22:31:00.000Z";"2025-02-03T02:11:00.000Z";"2781";617.6006678244;619.1079544029;519.1922465369;617.1207701823;3960962742.27;87927654463.36;142480465.27;"2025-02-03T23:59:59.999Z"
"2025-02-02T00:00:00.000Z";"2025-02-02T23:59:59.999Z";"2025-02-02T01:46:00.000Z";"2025-02-02T23:29:00.000Z";"2781";653.4325421419;662.6337140085;602.7611493014;617.6006678244;2282982720.7;87996096369.8;142480571.92;"2025-02-02T23:59:59.999Z"
"2025-02-01T00:00:00.000Z";"2025-02-01T23:59:59.999Z";"2025-02-01T01:19:00.000Z";"2025-02-01T23:28:00.000Z";"2781";677.3398848618;681.2196122385;651.126204592;653.4329208647;1544346911.5;93101484298.56;142480636.17;"2025-02-01T23:59:59.999Z"
"2025-01-31T00:00:00.000Z";"2025-01-31T23:59:59.999Z";"2025-01-31T16:04:00.000Z";"2025-01-31T03:38:00.000Z";"2781";677.5572590475;689.2151384669;673.7934272675;677.3753447429;1589542505.86;96507848375.15;142480681.46;"2025-01-31T23:59:59.999Z"
"2025-01-30T00:00:00.000Z";"2025-01-30T23:59:59.999Z";"2025-01-30T15:49:00.000Z";"2025-01-30T00:35:00.000Z";"2781";667.7298601489;682.3247354991;666.6491398595;677.5535795503;1506319921.12;96538851856;142480728.48;"2025-01-30T23:59:59.999Z"
"2025-01-29T00:00:00.000Z";"2025-01-29T23:59:59.999Z";"2025-01-29T04:13:00.000Z";"2025-01-29T19:29:00.000Z";"2781";661.4260136516;678.9920445434;660.2320132688;667.6857394354;1716776649.42;95138667397.09;142480774.15;"2025-01-29T23:59:59.999Z"
"2025-01-28T00:00:00.000Z";"2025-01-28T23:59:59.999Z";"2025-01-28T05:52:00.000Z";"2025-01-28T23:39:00.000Z";"2781";679.7933362308;682.8567130415;659.5821268099;661.4245878463;1659082131.43;94240319106.25;142480822.21;"2025-01-28T23:59:59.999Z"
"2025-01-27T00:00:00.000Z";"2025-01-27T23:59:59.999Z";"2025-01-27T23:10:00.000Z";"2025-01-27T07:31:00.000Z";"2781";666.7638010134;679.9133146308;639.956007513;679.7933362308;2295184878.71;96857551098.81;142480877.55;"2025-01-27T23:59:59.999Z"
"2025-01-26T00:00:00.000Z";"2025-01-26T23:59:59.999Z";"2025-01-26T04:47:00.000Z";"2025-01-26T23:43:00.000Z";"2781";686.2691796278;690.3149959721;665.0410216466;666.7638010134;1529267261.03;95001139307.27;142480949.27;"2025-01-26T23:59:59.999Z"
"2025-01-25T00:00:00.000Z";"2025-01-25T23:59:59.999Z";"2025-01-25T22:14:00.000Z";"2025-01-25T01:02:00.000Z";"2781";680.2141607306;689.459694261;678.1116191923;686.2684747633;1457363670.76;97780219026.28;142481000.69;"2025-01-25T23:59:59.999Z"
"2025-01-24T00:00:00.000Z";"2025-01-24T23:59:59.999Z";"2025-01-24T06:02:00.000Z";"2025-01-24T23:43:00.000Z";"2781";690.2037543846;690.8379857286;679.0867227014;680.2132182352;1730218662.66;96917495102.12;142481052.27;"2025-01-24T23:59:59.999Z"
"2025-01-23T00:00:00.000Z";"2025-01-23T23:59:59.999Z";"2025-01-23T00:17:00.000Z";"2025-01-23T13:25:00.000Z";"2781";694.9648348955;697.0014398319;681.0576997243;690.2037543846;2277458782.2;98336357233.98;142481114.99;"2025-01-23T23:59:59.999Z"
"2025-01-22T00:00:00.000Z";"2025-01-22T23:59:59.999Z";"2025-01-22T05:00:00.000Z";"2025-01-22T02:04:00.000Z";"2781";691.8166005523;703.2702547252;690.2745399414;694.983236532;1762077789.17;100078712997.46;144005434.48;"2025-01-22T23:59:59.999Z"
"2025-01-21T00:00:00.000Z";"2025-01-21T23:59:59.999Z";"2025-01-21T18:58:00.000Z";"2025-01-21T01:34:00.000Z";"2781";681.8033216536;696.917542122;675.4456945091;691.8166005523;2008007872.63;99625390662.72;144005493.05;"2025-01-21T23:59:59.999Z"
"2025-01-20T00:00:00.000Z";"2025-01-20T23:59:59.999Z";"2025-01-20T07:10:00.000Z";"2025-01-20T17:46:00.000Z";"2781";682.2049080434;707.5763646186;672.1894172897;681.8033216536;2865652877.91;98183468599.15;144005559.2;"2025-01-20T23:59:59.999Z"
"2025-01-19T00:00:00.000Z";"2025-01-19T23:59:59.999Z";"2025-01-19T02:47:00.000Z";"2025-01-19T23:40:00.000Z";"2781";709.4248338873;713.4689523941;676.847264026;682.2039702697;2841079951.59;98241369491.13;144005662.13;"2025-01-19T23:59:59.999Z"
"2025-01-18T00:00:00.000Z";"2025-01-18T23:59:59.999Z";"2025-01-18T00:55:00.000Z";"2025-01-18T08:10:00.000Z";"2781";721.7504692496;723.0931951242;695.2164233301;709.425000317;2200623288.54;102161256173.53;144005751.27;"2025-01-18T23:59:59.999Z"
"2025-01-17T00:00:00.000Z";"2025-01-17T23:59:59.999Z";"2025-01-17T20:43:00.000Z";"2025-01-17T00:01:00.000Z";"2781";708.2980543317;729.8535237878;708.1862010227;721.7504692496;1946000435.83;103936271977.74;144005825.29;"2025-01-17T23:59:59.999Z"
"2025-01-16T00:00:00.000Z";"2025-01-16T23:59:59.999Z";"2025-01-16T12:49:00.000Z";"2025-01-16T14:51:00.000Z";"2781";714.071635859;717.0333356543;701.2029495505;708.2980543317;1899114340.19;101999101162.18;144005903.36;"2025-01-16T23:59:59.999Z"
"2025-01-15T00:00:00.000Z";"2025-01-15T23:59:59.999Z";"2025-01-15T23:47:00.000Z";"2025-01-15T12:31:00.000Z";"2781";698.6196624658;714.661012925;688.7565372283;714.0284364906;1856118408.02;102830582748.69;144005975.85;"2025-01-15T23:59:59.999Z"
"2025-01-14T00:00:00.000Z";"2025-01-14T23:59:59.999Z";"2025-01-14T22:51:00.000Z";"2025-01-14T00:51:00.000Z";"2781";688.2675306962;699.807896511;686.4327593837;698.6196624658;1566844744.1;100605455137.78;144006045.84;"2025-01-14T23:59:59.999Z"
"2025-01-13T00:00:00.000Z";"2025-01-13T23:59:59.999Z";"2025-01-13T00:38:00.000Z";"2025-01-13T12:07:00.000Z";"2781";693.0481147796;699.4813966373;659.7594242441;688.2675306962;2127442444.46;99114727298.41;144006106.46;"2025-01-13T23:59:59.999Z"
"2025-01-12T00:00:00.000Z";"2025-01-12T23:59:59.999Z";"2025-01-12T00:55:00.000Z";"2025-01-12T11:05:00.000Z";"2781";696.6578660088;697.998569117;689.8891067581;693.0482948576;1291862068.95;99803217006.04;144006187.85;"2025-01-12T23:59:59.999Z"
"2025-01-11T00:00:00.000Z";"2025-01-11T23:59:59.999Z";"2025-01-11T21:26:00.000Z";"2025-01-11T02:25:00.000Z";"2781";693.6244717201;700.7665141815;690.4573660718;696.6578660088;1290072225.78;100323078965.6;144006238.73;"2025-01-11T23:59:59.999Z"
"2025-01-10T00:00:00.000Z";"2025-01-10T23:59:59.999Z";"2025-01-10T18:01:00.000Z";"2025-01-10T01:26:00.000Z";"2781";685.1203537403;700.4706569581;683.686604778;693.6244717201;1680784121.55;99886289745.78;144006294.21;"2025-01-10T23:59:59.999Z"
"2025-01-09T00:00:00.000Z";"2025-01-09T23:59:59.999Z";"2025-01-09T11:22:00.000Z";"2025-01-09T20:40:00.000Z";"2781";695.8371346737;700.9730061782;675.7342663425;685.1207139315;1931492676.75;98661703349.3;144006381.96;"2025-01-09T23:59:59.999Z"
"2025-01-08T00:00:00.000Z";"2025-01-08T23:59:59.999Z";"2025-01-08T00:38:00.000Z";"2025-01-08T17:37:00.000Z";"2781";697.3688707778;706.7610855634;677.1226141486;695.8371346737;2189465209.09;100205041721.56;144006458.88;"2025-01-08T23:59:59.999Z"
"2025-01-07T00:00:00.000Z";"2025-01-07T23:59:59.999Z";"2025-01-07T06:50:00.000Z";"2025-01-07T22:04:00.000Z";"2781";729.3932334697;733.091444921;691.5519631344;697.3688707778;2200352831.02;100425682605.74;144006546.34;"2025-01-07T23:59:59.999Z"
"2025-01-06T00:00:00.000Z";"2025-01-06T23:59:59.999Z";"2025-01-06T21:52:00.000Z";"2025-01-06T01:22:00.000Z";"2781";709.2582800216;745.1535766784;706.1865759974;729.4000611352;2056633883.86;105037473349.42;144006646.25;"2025-01-06T23:59:59.999Z"
"2025-01-05T00:00:00.000Z";"2025-01-05T23:59:59.999Z";"2025-01-05T00:00:00.000Z";"2025-01-05T14:19:00.000Z";"2781";713.8412069486;713.8412069486;703.0022677562;709.2582800216;1411808758.78;102137952176.72;144006711.03;"2025-01-05T23:59:59.999Z"
"2025-01-04T00:00:00.000Z";"2025-01-04T23:59:59.999Z";"2025-01-04T03:18:00.000Z";"2025-01-04T15:46:00.000Z";"2781";713.6435733435;721.1562384607;708.8513461507;713.8412069486;1524500208.11;102797967005.26;144006770.7;"2025-01-04T23:59:59.999Z"
"2025-01-03T00:00:00.000Z";"2025-01-03T23:59:59.999Z";"2025-01-03T21:34:00.000Z";"2025-01-03T08:37:00.000Z";"2781";705.6786018757;715.0968482096;697.546054589;713.6435733435;1822243905.53;102769546698.91;144006827.13;"2025-01-03T23:59:59.999Z"
"2025-01-02T00:00:00.000Z";"2025-01-02T23:59:59.999Z";"2025-01-02T09:58:00.000Z";"2025-01-02T02:40:00.000Z";"2781";706.5124750094;714.4386406461;697.7047170739;705.6786018757;1880664942.46;101622589877.75;144006902.87;"2025-01-02T23:59:59.999Z"
"2025-01-01T00:00:00.000Z";"2025-01-01T23:59:59.999Z";"2025-01-01T01:51:00.000Z";"2025-01-01T09:29:00.000Z";"2781";700.986899872;709.1989992792;699.758600328;706.5129190285;1420234996.74;101742720969.94;144006970.25;"2025-01-01T23:59:59.999Z"
"2024-12-31T00:00:00.000Z";"2024-12-31T23:59:59.999Z";"2024-12-31T14:22:00.000Z";"2024-12-31T06:03:00.000Z";"2781";704.1463215678;713.5983069812;698.0257380631;700.986899872;2372886700.52;100947038848.72;144007026.19;"2024-12-31T23:59:59.999Z"
"2024-12-30T00:00:00.000Z";"2024-12-30T23:59:59.999Z";"2024-12-30T20:52:00.000Z";"2024-12-30T15:33:00.000Z";"2781";693.7542979782;711.0356367285;686.9070485559;704.1463215678;1790325219.1;101402063808.7;144007091.57;"2024-12-30T23:59:59.999Z"
"2024-12-29T00:00:00.000Z";"2024-12-29T23:59:59.999Z";"2024-12-29T00:04:00.000Z";"2024-12-29T22:25:00.000Z";"2781";720.9590636097;722.7669454219;689.4752073768;693.7545380198;1647228348.29;99905586210.45;144007160.03;"2024-12-29T23:59:59.999Z"
"2024-12-28T00:00:00.000Z";"2024-12-28T23:59:59.999Z";"2024-12-28T20:01:00.000Z";"2024-12-28T00:00:00.000Z";"2781";690.4293623831;729.3158346367;690.4293623831;720.9590636097;1890880986.45;103823312055.94;144007222.18;"2024-12-28T23:59:59.999Z"
"2024-12-27T00:00:00.000Z";"2024-12-27T23:59:59.999Z";"2024-12-27T09:16:00.000Z";"2024-12-27T15:48:00.000Z";"2781";688.3509015971;709.6464069755;685.199161189;690.4293623831;1884726978.75;99426856442.13;144007282.8;"2024-12-27T23:59:59.999Z"
"2024-12-26T00:00:00.000Z";"2024-12-26T23:59:59.999Z";"2024-12-26T07:13:00.000Z";"2024-12-26T13:04:00.000Z";"2781";702.32693682;718.1624214805;683.262472231;688.3600877826;1253518340.85;99127593628.33;144007356.42;"2024-12-26T23:59:59.999Z"
"2024-12-25T00:00:00.000Z";"2024-12-25T23:59:59.999Z";"2024-12-25T10:25:00.000Z";"2024-12-25T00:04:00.000Z";"2781";696.7411466053;711.9866263729;695.9626966118;702.32693682;893387309.75;101140298680.15;144007432.12;"2024-12-25T23:59:59.999Z"
"2024-12-24T00:00:00.000Z";"2024-12-24T23:59:59.999Z";"2024-12-24T18:19:00.000Z";"2024-12-24T12:46:00.000Z";"2781";693.0007525263;698.4424349975;681.998022598;696.7411466053;1145844253.74;100335949687.36;144007498.59;"2024-12-24T23:59:59.999Z"
"2024-12-23T00:00:00.000Z";"2024-12-23T23:59:59.999Z";"2024-12-23T23:01:00.000Z";"2024-12-23T01:22:00.000Z";"2781";648.7046942886;697.3999033895;637.9652854714;693.0007525263;1738271694.84;99797354940.82;144007570.81;"2024-12-23T23:59:59.999Z"
"2024-12-22T00:00:00.000Z";"2024-12-22T23:59:59.999Z";"2024-12-22T10:23:00.000Z";"2024-12-22T20:17:00.000Z";"2781";663.2660294271;668.827492558;639.6086715358;648.7046942886;1091595585.51;93418436602.9;144007646.97;"2024-12-22T23:59:59.999Z"
"2024-12-21T00:00:00.000Z";"2024-12-21T23:59:59.999Z";"2024-12-21T06:14:00.000Z";"2024-12-21T19:40:00.000Z";"2781";678.0866096902;692.6363846093;652.6074803953;663.2795004989;2185739949.15;95515424207.37;144007713.3;"2024-12-21T23:59:59.999Z"
"2024-12-20T00:00:00.000Z";"2024-12-20T23:59:59.999Z";"2024-12-20T23:26:00.000Z";"2024-12-20T12:02:00.000Z";"2781";666.5693567023;679.4436711453;619.5003470733;678.0866096902;3064285256.11;97649751581.17;144007786.3;"2024-12-20T23:59:59.999Z"
"2024-12-19T00:00:00.000Z";"2024-12-19T23:59:59.999Z";"2024-12-19T12:11:00.000Z";"2024-12-19T20:11:00.000Z";"2781";687.6243633958;704.487742479;651.0365884357;666.5693567023;2806454484.07;95991251010.05;144007896.62;"2024-12-19T23:59:59.999Z"
"2024-12-18T00:00:00.000Z";"2024-12-18T23:59:59.999Z";"2024-12-18T01:19:00.000Z";"2024-12-18T23:20:00.000Z";"2781";716.7248865426;721.75892615;686.6619042664;687.6237781325;2702479585.65;99023410733.54;144008002.05;"2024-12-18T23:59:59.999Z"
"2024-12-17T00:00:00.000Z";"2024-12-17T23:59:59.999Z";"2024-12-17T21:29:00.000Z";"2024-12-17T01:05:00.000Z";"2781";720.326337384;735.757198971;713.7290106696;716.6824838474;2363860623.28;103214196824.17;144008110.73;"2024-12-17T23:59:59.999Z"
"2024-12-16T00:00:00.000Z";"2024-12-16T23:59:59.999Z";"2024-12-16T19:01:00.000Z";"2024-12-16T11:59:00.000Z";"2781";719.1342485572;730.0011515407;704.341292763;720.326337384;2276490784.9;103732897242.35;144008197.2;"2024-12-16T23:59:59.999Z"
"2024-12-15T00:00:00.000Z";"2024-12-15T23:59:59.999Z";"2024-12-15T23:29:00.000Z";"2024-12-15T07:46:00.000Z";"2781";715.6956495866;723.0733034385;703.1802802857;719.1342485572;1831103596.11;103561302238.93;144008302.27;"2024-12-15T23:59:59.999Z"
"2024-12-14T00:00:00.000Z";"2024-12-14T23:59:59.999Z";"2024-12-14T04:10:00.000Z";"2024-12-14T20:58:00.000Z";"2781";726.2548040334;731.6613254641;705.5389963705;715.6956495866;1957844882.76;103066164736.11;144008371.15;"2024-12-14T23:59:59.999Z"
"2024-12-13T00:00:00.000Z";"2024-12-13T23:59:59.999Z";"2024-12-13T20:19:00.000Z";"2024-12-13T07:15:00.000Z";"2781";705.9443476777;729.6268829078;698.5020573604;726.2548040334;2449855056.81;104586826607.66;144008447.21;"2024-12-13T23:59:59.999Z"
"2024-12-12T00:00:00.000Z";"2024-12-12T23:59:59.999Z";"2024-12-12T09:59:00.000Z";"2024-12-12T22:22:00.000Z";"2781";711.8113923427;725.2216589039;700.1067327685;705.9442193392;2393129125.08;101662023788.76;144008552.69;"2024-12-12T23:59:59.999Z"
"2024-12-11T00:00:00.000Z";"2024-12-11T23:59:59.999Z";"2024-12-11T23:20:00.000Z";"2024-12-11T02:05:00.000Z";"2781";676.9829182149;712.8771203538;660.1540358714;711.8113923427;2276828057.41;102507008150.88;144008664.73;"2024-12-11T23:59:59.999Z"
"2024-12-10T00:00:00.000Z";"2024-12-10T23:59:59.999Z";"2024-12-10T10:19:00.000Z";"2024-12-10T18:13:00.000Z";"2781";689.9243927319;704.5600267111;650.597283319;676.9829182149;3102408467.71;97491464412.46;144008750.87;"2024-12-10T23:59:59.999Z"
"2024-12-09T00:00:00.000Z";"2024-12-09T23:59:59.999Z";"2024-12-09T00:00:00.000Z";"2024-12-09T22:23:00.000Z";"2781";743.2956744595;743.2956744595;662.244092185;689.9243927319;3267965774.39;99355226773.76;144008862.16;"2024-12-09T23:59:59.999Z"
"2024-12-08T00:00:00.000Z";"2024-12-08T23:59:59.999Z";"2024-12-08T03:26:00.000Z";"2024-12-08T09:58:00.000Z";"2781";751.7319060654;757.5943173937;729.0514863501;743.2956744595;2035017684.73;107041245539.85;144008971.42;"2024-12-08T23:59:59.999Z"
"2024-12-07T00:00:00.000Z";"2024-12-07T23:59:59.999Z";"2024-12-07T20:02:00.000Z";"2024-12-07T00:04:00.000Z";"2781";732.0062706283;761.0914082163;730.8739508776;750.2726139475;2326982727.97;108046041408.79;144009043.38;"2024-12-07T23:59:59.999Z"
"2024-12-06T00:00:00.000Z";"2024-12-06T23:59:59.999Z";"2024-12-06T17:55:00.000Z";"2024-12-06T13:07:00.000Z";"2781";717.9584886419;746.1255642147;708.4383676917;732.0062706283;2870854028.63;105415583618.39;144009126.49;"2024-12-06T23:59:59.999Z"
"2024-12-05T00:00:00.000Z";"2024-12-05T23:59:59.999Z";"2024-12-05T00:01:00.000Z";"2024-12-05T01:28:00.000Z";"2781";739.2536692546;739.9475214282;695.9388125933;714.3219482186;3771629643.02;102866947973.1;144009219.82;"2024-12-05T23:59:59.999Z"
"2024-12-04T00:00:00.000Z";"2024-12-04T23:59:59.999Z";"2024-12-04T10:26:00.000Z";"2024-12-04T17:19:00.000Z";"2781";737.6965793009;793.3505040972;723.5433343054;739.2527536468;5614818577.5;106459418135.54;144009319.89;"2024-12-04T23:59:59.999Z"
"2024-12-03T00:00:00.000Z";"2024-12-03T23:59:59.999Z";"2024-12-03T23:11:00.000Z";"2024-12-03T14:38:00.000Z";"2781";647.6991212094;744.779278521;625.9749775106;737.6965793009;4177512805.56;106235297802.61;144009475.96;"2024-12-03T23:59:59.999Z"
"2024-12-02T00:00:00.000Z";"2024-12-02T23:59:59.999Z";"2024-12-02T02:07:00.000Z";"2024-12-02T18:01:00.000Z";"2781";655.9324907942;667.4236949899;629.9060036223;647.5944882079;2641248821.48;93274876695.34;144009577.35;"2024-12-02T23:59:59.999Z"
"2024-12-01T00:00:00.000Z";"2024-12-01T23:59:59.999Z";"2024-12-01T16:08:00.000Z";"2024-12-01T02:42:00.000Z";"2781";654.3291452974;664.2873072221;646.5952554141;655.9324907942;2055110341.85;94460623410.97;144009672.85;"2024-12-01T23:59:59.999Z"
"2024-11-30T00:00:00.000Z";"2024-11-30T23:59:59.999Z";"2024-11-30T07:47:00.000Z";"2024-11-30T01:07:00.000Z";"2781";654.8097672722;676.9244177707;648.8924215297;654.3291452974;2273610460.84;94229786564.71;144009765.18;"2024-11-30T23:59:59.999Z"
"2024-11-29T00:00:00.000Z";"2024-11-29T23:59:59.999Z";"2024-11-29T02:52:00.000Z";"2024-11-29T07:43:00.000Z";"2781";654.361761738;663.3247004648;649.1632253382;654.8097672722;2098059689.9;94299060822.66;144009856.81;"2024-11-29T23:59:59.999Z"
"2024-11-28T00:00:00.000Z";"2024-11-28T23:59:59.999Z";"2024-11-28T12:29:00.000Z";"2024-11-28T00:23:00.000Z";"2781";644.948488069;663.0220028062;641.6170455139;654.3616209575;2597378211.97;94234599963.47;144009942.93;"2024-11-28T23:59:59.999Z"
"2024-11-27T00:00:00.000Z";"2024-11-27T23:59:59.999Z";"2024-11-27T22:07:00.000Z";"2024-11-27T01:04:00.000Z";"2781";613.5872928436;646.8518043788;608.6214864138;644.948488069;2393610865.34;92879051282.97;144010030.26;"2024-11-27T23:59:59.999Z"
"2024-11-26T00:00:00.000Z";"2024-11-26T23:59:59.999Z";"2024-11-26T02:55:00.000Z";"2024-11-26T18:38:00.000Z";"2781";636.63970265;645.2929714811;600.9912628637;613.5872928436;2637257321.98;88362791441.49;144010139.18;"2024-11-26T23:59:59.999Z"
"2024-11-25T00:00:00.000Z";"2024-11-25T23:59:59.999Z";"2024-11-25T09:37:00.000Z";"2024-11-25T22:40:00.000Z";"2781";660.3167272244;675.961126769;627.2687763515;636.63970265;2787672068.94;91682645501.57;144010254.34;"2024-11-25T23:59:59.999Z"
"2024-11-24T00:00:00.000Z";"2024-11-24T23:59:59.999Z";"2024-11-24T08:28:00.000Z";"2024-11-24T12:52:00.000Z";"2781";651.1972709072;687.3417077734;638.9230255939;660.3175450441;3110188599.07;95087187233.62;144010351.26;"2024-11-24T23:59:59.999Z"
"2024-11-23T00:00:00.000Z";"2024-11-23T23:59:59.999Z";"2024-11-23T14:48:00.000Z";"2024-11-23T00:14:00.000Z";"2781";633.5135122208;679.4188972684;632.2477182678;651.1972709072;3306614137.43;93779201153.64;144010433.31;"2024-11-23T23:59:59.999Z"
"2024-11-22T00:00:00.000Z";"2024-11-22T23:59:59.999Z";"2024-11-22T00:37:00.000Z";"2024-11-22T13:31:00.000Z";"2781";622.8263797276;639.7319449158;617.4517772398;633.5134149929;2447537776.88;91232608313.71;144010516.83;"2024-11-22T23:59:59.999Z"
"2024-11-21T00:00:00.000Z";"2024-11-21T23:59:59.999Z";"2024-11-21T14:19:00.000Z";"2024-11-21T02:46:00.000Z";"2781";606.1171546775;629.36362842;594.5480939008;622.8263797276;2698689844.47;89693609615.34;144010614.41;"2024-11-21T23:59:59.999Z"
"2024-11-20T00:00:00.000Z";"2024-11-20T23:59:59.999Z";"2024-11-20T14:13:00.000Z";"2024-11-20T19:25:00.000Z";"2781";615.9874564566;620.4660080258;600.7662313652;606.1174922081;2115915285.06;87287350617.55;144010691.57;"2024-11-20T23:59:59.999Z"
"2024-11-19T00:00:00.000Z";"2024-11-19T23:59:59.999Z";"2024-11-19T12:32:00.000Z";"2024-11-19T22:34:00.000Z";"2781";619.4355135037;621.5847915928;606.5615944593;615.9874564566;2075194268.85;88708825992.77;144010766.88;"2024-11-19T23:59:59.999Z"
"2024-11-18T00:00:00.000Z";"2024-11-18T23:59:59.999Z";"2024-11-18T07:03:00.000Z";"2024-11-18T13:16:00.000Z";"2781";618.4000602623;629.0971767755;613.0554666177;619.4355135037;2284855769.14;89259822622.69;144098652.2;"2024-11-18T23:59:59.999Z"
"2024-11-17T00:00:00.000Z";"2024-11-17T23:59:59.999Z";"2024-11-17T07:37:00.000Z";"2024-11-17T02:16:00.000Z";"2781";622.3731927087;646.4497412675;606.1865134948;618.4000602623;2452647630.13;89110665234.2;144098733.1;"2024-11-17T23:59:59.999Z"
"2024-11-16T00:00:00.000Z";"2024-11-16T23:59:59.999Z";"2024-11-16T12:07:00.000Z";"2024-11-16T00:16:00.000Z";"2781";618.9877658586;633.4874659823;617.8651811306;622.3731927087;2115528251.06;89683233662.23;144098805.53;"2024-11-16T23:59:59.999Z"
"2024-11-15T00:00:00.000Z";"2024-11-15T23:59:59.999Z";"2024-11-15T00:41:00.000Z";"2024-11-15T15:39:00.000Z";"2781";621.6801427437;628.1688850052;604.2251398052;618.866437615;2547491086.19;89177963435.3;144098882.17;"2024-11-15T23:59:59.999Z"
"2024-11-14T00:00:00.000Z";"2024-11-14T23:59:59.999Z";"2024-11-14T08:01:00.000Z";"2024-11-14T01:32:00.000Z";"2781";621.0000088628;659.5319559764;612.5340652405;621.6801427437;3392713356.46;89583474221.23;144098979.62;"2024-11-14T23:59:59.999Z"
"2024-11-13T00:00:00.000Z";"2024-11-13T23:59:59.999Z";"2024-11-13T17:07:00.000Z";"2024-11-13T06:40:00.000Z";"2781";627.0038391491;638.8924449346;600.524364649;621.0002838642;3294001433.62;89152414745.47;143562662.6;"2024-11-13T23:59:59.999Z"
"2024-11-12T00:00:00.000Z";"2024-11-12T23:59:59.999Z";"2024-11-12T01:46:00.000Z";"2024-11-12T13:54:00.000Z";"2781";661.8871734978;666.9176078566;613.622757428;627.0038391491;3603680244.14;90350742266.73;144099185.09;"2024-11-12T23:59:59.999Z"
"2024-11-11T00:00:00.000Z";"2024-11-11T23:59:59.999Z";"2024-11-11T23:56:00.000Z";"2024-11-11T07:31:00.000Z";"2781";628.3024602501;664.1434676845;614.0211557206;661.8872062584;3375111971.2;95377469811.22;144099279.92;"2024-11-11T23:59:59.999Z"
"2024-11-10T00:00:00.000Z";"2024-11-10T23:59:59.999Z";"2024-11-10T11:52:00.000Z";"2024-11-10T21:14:00.000Z";"2781";624.3747014967;643.6643287825;613.5671204437;628.3024602501;2965668640.8;90537986817.26;144099367.02;"2024-11-10T23:59:59.999Z"
"2024-11-09T00:00:00.000Z";"2024-11-09T23:59:59.999Z";"2024-11-09T03:57:00.000Z";"2024-11-09T00:06:00.000Z";"2781";597.9484408034;637.8369803057;597.8456882274;624.3747014967;2739276599.22;89972047641.07;144099444.49;"2024-11-09T23:59:59.999Z"
"2024-11-08T00:00:00.000Z";"2024-11-08T23:59:59.999Z";"2024-11-08T01:16:00.000Z";"2024-11-08T17:17:00.000Z";"2781";598.4359374148;605.9241115766;589.5486659751;597.9484408034;1878681587.93;86164073320.7;144099503.3;"2024-11-08T23:59:59.999Z"
"2024-11-07T00:00:00.000Z";"2024-11-07T23:59:59.999Z";"2024-11-07T03:17:00.000Z";"2024-11-07T14:50:00.000Z";"2781";591.9952551644;610.3167058917;588.6566377711;598.4359374148;1970633102.23;86234356331.57;144099561.77;"2024-11-07T23:59:59.999Z"
"2024-11-06T00:00:00.000Z";"2024-11-06T23:59:59.999Z";"2024-11-06T22:58:00.000Z";"2024-11-06T00:04:00.000Z";"2781";563.6120837116;594.8584499829;563.2849118925;591.9952551644;2342544855.14;85306299181.34;144099633.29;"2024-11-06T23:59:59.999Z"
"2024-11-05T00:00:00.000Z";"2024-11-05T23:59:59.999Z";"2024-11-05T17:56:00.000Z";"2024-11-05T01:37:00.000Z";"2781";552.0710901444;571.970507387;551.2522705389;563.6120837116;1513727149.82;81216339185.18;144099712.43;"2024-11-05T23:59:59.999Z"
"2024-11-04T00:00:00.000Z";"2024-11-04T23:59:59.999Z";"2024-11-04T03:05:00.000Z";"2024-11-04T22:01:00.000Z";"2781";557.6415979416;564.1986026411;543.9083479593;552.0710901444;1580672362.77;79553312265.1;144099761.22;"2024-11-04T23:59:59.999Z"
"2024-11-03T00:00:00.000Z";"2024-11-03T23:59:59.999Z";"2024-11-03T00:16:00.000Z";"2024-11-03T15:48:00.000Z";"2781";568.0367965601;569.0484345115;547.8166324121;557.6415979416;1584005357.92;80356053035.21;144099818.47;"2024-11-03T23:59:59.999Z"
"2024-11-02T00:00:00.000Z";"2024-11-02T23:59:59.999Z";"2024-11-02T08:04:00.000Z";"2024-11-02T15:13:00.000Z";"2781";572.7622424333;576.4204669425;562.9451022897;568.0367965601;1427236241.32;81854027185;144099867.62;"2024-11-02T23:59:59.999Z"
"2024-11-01T00:00:00.000Z";"2024-11-01T23:59:59.999Z";"2024-11-01T14:16:00.000Z";"2024-11-01T21:40:00.000Z";"2781";576.0344870926;584.7972014932;568.1642664864;572.7622424333;1708220753.46;82534998464.11;144099928.99;"2024-11-01T23:59:59.999Z"
"2024-10-31T00:00:00.000Z";"2024-10-31T23:59:59.999Z";"2024-10-31T00:37:00.000Z";"2024-10-31T20:58:00.000Z";"2781";595.7278176878;596.0688230188;571.4256411479;576.0344870926;1810695051.26;84061209118.79;145930861.78;"2024-10-31T23:59:59.999Z"
"2024-10-30T00:00:00.000Z";"2024-10-30T23:59:59.999Z";"2024-10-30T06:17:00.000Z";"2024-10-30T13:46:00.000Z";"2781";605.6682622459;606.0651897943;594.4475276261;595.7278176878;1662620787.08;86935108300.83;145930919.66;"2024-10-30T23:59:59.999Z"
"2024-10-29T00:00:00.000Z";"2024-10-29T23:59:59.999Z";"2024-10-29T17:09:00.000Z";"2024-10-29T00:10:00.000Z";"2781";600.5960593082;611.781511555;599.9456964777;605.6682622459;1886358423.54;88385761918.52;145930978.11;"2024-10-29T23:59:59.999Z"
"2024-10-28T00:00:00.000Z";"2024-10-28T23:59:59.999Z";"2024-10-28T22:10:00.000Z";"2024-10-28T05:34:00.000Z";"2781";588.7158451742;603.7217515627;585.1208007856;600.5960593082;1671332662.96;87645607361.74;145931039.68;"2024-10-28T23:59:59.999Z"
"2024-10-27T00:00:00.000Z";"2024-10-27T23:59:59.999Z";"2024-10-27T22:16:00.000Z";"2024-10-27T11:10:00.000Z";"2781";582.8061032407;590.1192523798;581.257157581;588.7158451742;1402058512.65;85911947501.1;145931094.27;"2024-10-27T23:59:59.999Z"
"2024-10-26T00:00:00.000Z";"2024-10-26T23:59:59.999Z";"2024-10-26T20:26:00.000Z";"2024-10-26T00:07:00.000Z";"2781";574.2536097577;586.1701994549;571.3250329901;582.8061032407;1433826425.2;85049558596.74;145931139.23;"2024-10-26T23:59:59.999Z"
"2024-10-25T00:00:00.000Z";"2024-10-25T23:59:59.999Z";"2024-10-25T03:07:00.000Z";"2024-10-25T23:26:00.000Z";"2781";594.1547587539;596.9539964962;567.0569027393;574.2536097577;1712373876.53;83801517940.69;145931199.24;"2024-10-25T23:59:59.999Z"
"2024-10-24T00:00:00.000Z";"2024-10-24T23:59:59.999Z";"2024-10-24T21:25:00.000Z";"2024-10-24T00:29:00.000Z";"2781";584.648538298;597.5253258717;583.0283677133;594.1547587539;1595144216.94;86705752709.52;145931260.22;"2024-10-24T23:59:59.999Z"
"2024-10-23T00:00:00.000Z";"2024-10-23T23:59:59.999Z";"2024-10-23T00:02:00.000Z";"2024-10-23T18:08:00.000Z";"2781";593.3606289541;593.810771056;573.0883031508;582.4734044955;1719055847.12;85001113289.35;145931319.19;"2024-10-23T23:59:59.999Z"
"2024-10-22T00:00:00.000Z";"2024-10-22T23:59:59.999Z";"2024-10-22T00:18:00.000Z";"2024-10-22T09:10:00.000Z";"2781";598.817553654;599.5232263771;587.2016945685;593.3606289541;1739710554.99;86589936468.56;145931381.77;"2024-10-22T23:59:59.999Z"
"2024-10-21T00:00:00.000Z";"2024-10-21T23:59:59.999Z";"2024-10-21T08:16:00.000Z";"2024-10-21T16:34:00.000Z";"2781";605.5178287055;610.9203243273;591.6964990424;598.817553654;1917193199.65;87386307830.17;145931439.88;"2024-10-21T23:59:59.999Z"
"2024-10-20T00:00:00.000Z";"2024-10-20T23:59:59.999Z";"2024-10-20T23:36:00.000Z";"2024-10-20T03:09:00.000Z";"2781";597.974941251;606.3153743138;593.7392951564;605.5178287055;1608355247.67;88197685464.56;145656628.56;"2024-10-20T23:59:59.999Z"
"2024-10-19T00:00:00.000Z";"2024-10-19T23:59:59.999Z";"2024-10-19T02:27:00.000Z";"2024-10-19T17:01:00.000Z";"2781";599.3649663856;600.9993497599;595.7270301144;597.974941251;1432675869.18;87263415715;145931559.49;"2024-10-19T23:59:59.999Z"
"2024-10-18T00:00:00.000Z";"2024-10-18T23:59:59.999Z";"2024-10-18T18:41:00.000Z";"2024-10-18T00:38:00.000Z";"2781";592.0395897286;602.1707226885;591.6998112399;599.3649663856;1638190791.84;87466292490.18;145931606.61;"2024-10-18T23:59:59.999Z"
"2024-10-17T00:00:00.000Z";"2024-10-17T23:59:59.999Z";"2024-10-17T01:52:00.000Z";"2024-10-17T18:25:00.000Z";"2781";600.8178245416;605.8289877943;585.715044379;592.0395897286;1739191570.87;86397327504;145931672.48;"2024-10-17T23:59:59.999Z"
"2024-10-16T00:00:00.000Z";"2024-10-16T23:59:59.999Z";"2024-10-16T20:38:00.000Z";"2024-10-16T07:18:00.000Z";"2781";594.1892355815;605.1042010341;589.9337510698;600.8178245416;1918592073.08;87678385949.21;145931732.33;"2024-10-16T23:59:59.999Z"
"2024-10-15T00:00:00.000Z";"2024-10-15T23:59:59.999Z";"2024-10-15T14:03:00.000Z";"2024-10-15T15:11:00.000Z";"2781";588.9004264956;598.8892534341;578.489547139;594.1892355815;2040945898.74;86711109046.09;145931807.33;"2024-10-15T23:59:59.999Z"
"2024-10-14T00:00:00.000Z";"2024-10-14T23:59:59.999Z";"2024-10-14T16:13:00.000Z";"2024-10-14T02:07:00.000Z";"2781";571.821719688;591.4107999607;569.9707713268;588.9004264956;1825783991.83;85939345164.41;145931877.95;"2024-10-14T23:59:59.999Z"
"2024-10-13T00:00:00.000Z";"2024-10-13T23:59:59.999Z";"2024-10-13T00:45:00.000Z";"2024-10-13T15:31:00.000Z";"2781";576.4497412718;578.0639990157;565.1305152774;571.821719688;1472484694.34;83447056984.35;145931947.16;"2024-10-13T23:59:59.999Z"
"2024-10-12T00:00:00.000Z";"2024-10-12T23:59:59.999Z";"2024-10-12T11:25:00.000Z";"2024-10-12T00:00:00.000Z";"2781";572.8572096477;578.7108078683;572.8572096477;576.4497412718;1482994533.67;84122465985.59;145932004.06;"2024-10-12T23:59:59.999Z"
"2024-10-11T00:00:00.000Z";"2024-10-11T23:59:59.999Z";"2024-10-11T19:13:00.000Z";"2024-10-11T08:16:00.000Z";"2781";562.7257813593;577.1348015543;560.0671757331;572.8572096477;1622508790.68;83598235810.61;145932065.45;"2024-10-11T23:59:59.999Z"
"2024-10-10T00:00:00.000Z";"2024-10-10T23:59:59.999Z";"2024-10-10T06:58:00.000Z";"2024-10-10T18:30:00.000Z";"2781";570.2768514807;572.0607120289;551.7832128624;562.7257813593;1559089784.54;82119769596.01;145932125.94;"2024-10-10T23:59:59.999Z"